Cena,Dzielnica,Pietro,Powierzchnia,Rok budowy,Rynek,Stan_wykonczenia,Wlasnosc,Zabudowa
"1750000,0",Anin,parter,"248,15",2015,wtórny,do zamieszkania,pełna własność,apartamentowiec
"559900,0",Anin,1,80,1939,wtórny,,,
"379900,0",Anin,1,"49,43",1970,wtórny,,,blok
"719000,0",Annopol,,124,2018,pierwotny,do wykończenia,pełna własność,apartamentowiec
"1630000,0",Bemowo,4,"126,33",2008,wtórny,,pełna własność,apartamentowiec
"1560000,0",Bemowo,parter,"130,2",2008,wtórny,do zamieszkania,pełna własność,apartamentowiec
"1190000,0",Bemowo,4,90,2006,wtórny,do zamieszkania,pełna własność,apartamentowiec
"1050000,0",Bemowo,1,"80,3",2013,wtórny,do zamieszkania,pełna własność,blok
"999000,0",Bemowo,3,150,2000,wtórny,do zamieszkania,spółdzielcze własnościowe,blok
"860000,0",Bemowo,2,"99,13",2010,wtórny,do zamieszkania,pełna własność,apartamentowiec
"852000,0",Bemowo,parter,"89,9",2007,wtórny,do zamieszkania,pełna własność,blok
"750000,0",Bemowo,4,83,2013,wtórny,do zamieszkania,pełna własność,
"710000,0",Bemowo,1,"71,02",2014,wtórny,do zamieszkania,pełna własność,blok
"699000,0",Bemowo,2,62,2014,wtórny,do zamieszkania,pełna własność,blok
"690000,0",Bemowo,parter,72,2015,wtórny,do zamieszkania,pełna własność,blok
"656000,0",Bemowo,1,60,2010,wtórny,do zamieszkania,pełna własność,blok
"649000,0",Bemowo,2,"82,2",2000,wtórny,do zamieszkania,pełna własność,blok
"599000,0",Bemowo,3,"68,7",2008,wtórny,do zamieszkania,pełna własność,blok
"585000,0",Bemowo,parter,63,2002,wtórny,do zamieszkania,pełna własność,blok
"580000,0",Bemowo,4,59,2010,wtórny,do zamieszkania,pełna własność,apartamentowiec
"580000,0",Bemowo,4,"65,2",2008,wtórny,do zamieszkania,,blok
"569000,0",Bemowo,parter,63,2008,wtórny,do zamieszkania,pełna własność,blok
"559000,0",Bemowo,,80,1981,wtórny,do zamieszkania,pełna własność,blok
"555000,0",Bemowo,1,"55,93",2001,wtórny,do zamieszkania,spółdzielcze własnościowe,blok
"535000,0",Bemowo,2,52,2015,wtórny,do zamieszkania,pełna własność,blok
"535000,0",Bemowo,2,52,,wtórny,,pełna własność,
"530000,0",Bemowo,3,69,2005,wtórny,,,
"499000,0",Bemowo,1,63,2012,wtórny,do zamieszkania,pełna własność,apartamentowiec
"485000,0",Bemowo,3,52,2012,wtórny,do zamieszkania,,apartamentowiec
"480000,0",Bemowo,parter,62,1980,wtórny,do zamieszkania,spółdzielcze wł. z KW,blok
"470000,0",Bemowo,2,"61,9",1988,wtórny,do zamieszkania,spółdzielcze własnościowe,blok
"470000,0",Bemowo,6,44,2010,wtórny,,,blok
"460000,0",Bemowo,9,63,1980,wtórny,do zamieszkania,spółdzielcze własnościowe,blok
"459000,0",Bemowo,> 10,"57,4",2002,wtórny,do zamieszkania,spółdzielcze wł. z KW,blok
"455000,0",Bemowo,2,"43,74",2016,wtórny,,pełna własność,blok
"439000,0",Bemowo,5,46,1975,wtórny,do zamieszkania,pełna własność,blok
"435000,0",Bemowo,3,43,2014,wtórny,,pełna własność,blok
"435000,0",Bemowo,3,43,2014,wtórny,do zamieszkania,pełna własność,blok
"419000,0",Bemowo,1,"48,5",1993,wtórny,do zamieszkania,spółdzielcze własnościowe,blok
"409000,0",Bemowo,2,"45,8",1975,wtórny,do zamieszkania,pełna własność,blok
"400000,0",Bemowo,1,"34,35",2009,wtórny,do zamieszkania,pełna własność,apartamentowiec
"396000,0",Bemowo,8,"43,66",2020,wtórny,,pełna własność,blok
"395000,0",Bemowo,3,"53,55",1956,wtórny,do zamieszkania,pełna własność,blok
"393000,0",Bemowo,3,"46,92",2020,pierwotny,do wykończenia,pełna własność,blok
"329999,0",Bemowo,2,"40,09",2020,pierwotny,do wykończenia,pełna własność,blok
"313850,0",Bemowo,3,27,2018,wtórny,do zamieszkania,pełna własność,apartamentowiec
"310000,0",Bemowo,5,"34,16",2019,wtórny,do wykończenia,pełna własność,blok
"892750,0",Białołęka,,150,,pierwotny,,,
"780000,0",Białołęka,,150,,pierwotny,,,
"760000,0",Białołęka,3,"80,44",2016,wtórny,do zamieszkania,pełna własność,apartamentowiec
"758480,0",Białołęka,,144,,pierwotny,,,
"719990,0",Białołęka,2,"100,78",,pierwotny,,,blok
"670000,0",Białołęka,1,"103,47",2015,wtórny,do zamieszkania,pełna własność,blok
"669000,0",Białołęka,,139,,wtórny,do zamieszkania,pełna własność,blok
"660000,0",Białołęka,6,"80,9",2006,wtórny,do zamieszkania,pełna własność,blok
"649990,0",Białołęka,parter,"94,36",,pierwotny,,,blok
"649000,0",Białołęka,2,116,2009,wtórny,do zamieszkania,pełna własność,apartamentowiec
"644990,0",Białołęka,2,"99,19",,pierwotny,,,blok
"570000,0",Białołęka,parter,"81,5",2009,wtórny,,pełna własność,
"555000,0",Białołęka,parter,98,2020,pierwotny,do wykończenia,pełna własność,szeregowiec
"550000,0",Białołęka,parter,"90,5",1999,wtórny,,pełna własność,blok
"549120,0",Białołęka,8,"85,8",2013,wtórny,do zamieszkania,pełna własność,blok
"547000,0",Białołęka,1,"87,4",2006,wtórny,do zamieszkania,pełna własność,blok
"530000,0",Białołęka,1,70,2007,wtórny,do zamieszkania,pełna własność,blok
"523000,0",Białołęka,1,"68,8",2007,wtórny,do zamieszkania,pełna własność,blok
"510619,0",Białołęka,,"161,56",,wtórny,,pełna własność,dom wolnostojący
"495000,0",Białołęka,2,"62,62",1988,wtórny,do zamieszkania,pełna własność,blok
"488000,0",Białołęka,1,69,2005,wtórny,do zamieszkania,pełna własność,blok
"479000,0",Białołęka,4,"83,5",2010,wtórny,,pełna własność,apartamentowiec
"470000,0",Białołęka,parter,"54,4",2013,wtórny,do zamieszkania,pełna własność,apartamentowiec
"467990,0",Białołęka,1,"71,62",,pierwotny,,,blok
"460000,0",Białołęka,2,70,2008,wtórny,do zamieszkania,pełna własność,blok
"459000,0",Białołęka,2,"58,16",2003,wtórny,do zamieszkania,pełna własność,blok
"440000,0",Białołęka,4,"55,4",2004,wtórny,,pełna własność,blok
"411990,0",Białołęka,1,"63,39",,pierwotny,,,blok
"410000,0",Białołęka,parter,"53,18",,wtórny,do zamieszkania,pełna własność,blok
"400000,0",Białołęka,4,51,2012,wtórny,do zamieszkania,pełna własność,blok
"399750,0",Białołęka,3,"53,3",2005,wtórny,do zamieszkania,pełna własność,blok
"399000,0",Białołęka,7,"58,7",2017,pierwotny,do wykończenia,pełna własność,blok
"399000,0",Białołęka,2,"52,1",2004,wtórny,do zamieszkania,pełna własność,blok
"386937,0",Białołęka,parter,"63,81",2019,pierwotny,do wykończenia,pełna własność,
"378000,0",Białołęka,5,"60,6",1999,wtórny,do remontu,pełna własność,blok
"375000,0",Białołęka,,70,2018,pierwotny,,pełna własność,
"374988,0",Białołęka,1,"68,35",2018,pierwotny,do wykończenia,pełna własność,blok
"371990,0",Białołęka,1,"57,3",,pierwotny,,,blok
"370000,0",Białołęka,1,"69,13",2018,wtórny,do wykończenia,pełna własność,blok
"370000,0",Białołęka,,"69,25",2018,pierwotny,,,
"370000,0",Białołęka,2,70,2018,pierwotny,do wykończenia,pełna własność,blok
"370000,0",Białołęka,2,70,2018,pierwotny,do wykończenia,pełna własność,blok
"370000,0",Białołęka,1,70,2018,pierwotny,do wykończenia,pełna własność,blok
"369000,0",Białołęka,2,"49,5",2005,wtórny,,,blok
"369000,0",Białołęka,2,"49,4",2006,wtórny,do zamieszkania,pełna własność,blok
"368000,0",Białołęka,1,68,2018,pierwotny,do wykończenia,pełna własność,blok
"359000,0",Białołęka,1,48,2007,wtórny,do zamieszkania,pełna własność,blok
"357200,0",Białołęka,1,"52,21",2019,wtórny,do wykończenia,pełna własność,
"345000,0",Białołęka,1,"45,5",2002,wtórny,do zamieszkania,pełna własność,
"344000,0",Białołęka,1,"44,09",2017,wtórny,do zamieszkania,pełna własność,blok
"342300,0",Białołęka,1,"70,13",2019,pierwotny,do wykończenia,pełna własność,blok
"342000,0",Białołęka,,60,,pierwotny,,,
"340000,0",Białołęka,,48,2002,wtórny,do zamieszkania,pełna własność,blok
"340000,0",Białołęka,3,40,1999,wtórny,do zamieszkania,pełna własność,blok
"339000,0",Białołęka,,58,2018,pierwotny,,,
"337000,0",Białołęka,1,"59,6",2018,pierwotny,,pełna własność,blok
"333000,0",Białołęka,1,"58,32",2018,pierwotny,do wykończenia,pełna własność,blok
"330000,0",Białołęka,1,59,2018,pierwotny,do wykończenia,pełna własność,blok
"330000,0",Białołęka,1,59,2018,pierwotny,do wykończenia,pełna własność,blok
"329000,0",Białołęka,1,57,2018,pierwotny,do wykończenia,pełna własność,blok
"320000,0",Białołęka,1,41,2013,wtórny,do zamieszkania,pełna własność,blok
"315000,0",Białołęka,1,"41,52",2011,wtórny,,pełna własność,
"306824,0",Białołęka,1,"52,27",2020,pierwotny,do wykończenia,pełna własność,
"306000,0",Białołęka,2,59,2019,pierwotny,do wykończenia,pełna własność,blok
"296000,0",Białołęka,1,46,2020,pierwotny,do wykończenia,pełna własność,blok
"296000,0",Białołęka,1,46,2020,pierwotny,do wykończenia,pełna własność,blok
"295421,2",Białołęka,1,"37,49",2020,pierwotny,,,blok
"290000,0",Białołęka,2,44,2018,pierwotny,,pełna własność,apartamentowiec
"290000,0",Białołęka,1,45,2018,pierwotny,,pełna własność,apartamentowiec
"287360,0",Białołęka,1,"49,29",2020,pierwotny,do wykończenia,pełna własność,
"279000,0",Białołęka,4,"36,2",2006,wtórny,do zamieszkania,,blok
"278990,0",Białołęka,1,"43,05",,pierwotny,,,blok
"272990,0",Białołęka,1,"42,06",,pierwotny,,,blok
"271746,0",Białołęka,3,"45,6",2019,pierwotny,do wykończenia,pełna własność,
"267600,0",Białołęka,1,"43,18",2019,wtórny,do wykończenia,pełna własność,
"259739,0",Białołęka,3,"45,17",2019,pierwotny,do wykończenia,pełna własność,
"259739,0",Białołęka,3,"45,17",2019,pierwotny,do wykończenia,pełna własność,
"248250,0",Białołęka,parter,"53,7",2003,wtórny,do zamieszkania,pełna własność,blok
"246000,0",Białołęka,1,"35,13",2018,wtórny,do wykończenia,pełna własność,blok
"246000,0",Białołęka,1,35,,pierwotny,,pełna własność,blok
"246000,0",Białołęka,1,"35,01",2020,pierwotny,do wykończenia,,blok
"246000,0",Białołęka,1,"35,01",2020,pierwotny,do wykończenia,pełna własność,blok
"245000,0",Białołęka,1,37,2018,pierwotny,do wykończenia,pełna własność,blok
"244000,0",Białołęka,,35,,pierwotny,,,
"238850,0",Białołęka,1,"40,69",2020,pierwotny,do wykończenia,pełna własność,
"238745,0",Białołęka,3,"41,9",2019,pierwotny,do wykończenia,pełna własność,
"238745,0",Białołęka,3,"41,9",2019,pierwotny,do wykończenia,pełna własność,
"237620,0",Białołęka,2,"43,6",2019,pierwotny,do wykończenia,pełna własność,blok
"230000,0",Białołęka,,33,2018,wtórny,,pełna własność,apartamentowiec
"229000,0",Białołęka,2,"30,13",,pierwotny,,pełna własność,blok
"222700,0",Białołęka,1,31,2019,wtórny,do wykończenia,pełna własność,
"208000,0",Białołęka,2,"29,85",2019,pierwotny,do wykończenia,,blok
"204957,0",Białołęka,3,"32,43",2020,pierwotny,do wykończenia,pełna własność,
"189700,0",Białołęka,1,"27,5",,pierwotny,,pełna własność,blok
"169000,0",Białołęka,2,29,2020,pierwotny,do wykończenia,pełna własność,blok
"159000,0",Białołęka,2,27,2019,pierwotny,do wykończenia,pełna własność,blok
"470000,0",Białołęka Dworska,2,56,2011,wtórny,do zamieszkania,pełna własność,apartamentowiec
"1234505,0",Bielany,5,"66,73",2017,wtórny,do zamieszkania,pełna własność,apartamentowiec
"1070000,0",Bielany,1,142,2018,pierwotny,do wykończenia,pełna własność,apartamentowiec
"1030000,0",Bielany,3,119,2006,wtórny,do zamieszkania,spółdzielcze wł. z KW,blok
"985000,0",Bielany,4,94,2004,wtórny,do zamieszkania,spółdzielcze wł. z KW,blok
"780000,0",Bielany,2,76,1938,wtórny,,,kamienica
"750000,0",Bielany,7,"71,1",2012,wtórny,do zamieszkania,,apartamentowiec
"560000,0",Bielany,2,66,2001,wtórny,do zamieszkania,pełna własność,blok
"530000,0",Bielany,6,44,2016,wtórny,do zamieszkania,,blok
"515000,0",Bielany,parter,"56,2",1968,wtórny,do zamieszkania,spółdzielcze własnościowe,blok
"499000,0",Bielany,2,63,2000,wtórny,do zamieszkania,pełna własność,apartamentowiec
"499000,0",Bielany,3,"55,9",1992,wtórny,do remontu,pełna własność,blok
"485000,0",Bielany,10,"48,6",1970,wtórny,do zamieszkania,pełna własność,blok
"485000,0",Bielany,6,57,1980,wtórny,,spółdzielcze własnościowe,blok
"475000,0",Bielany,1,57,1960,wtórny,,pełna własność,kamienica
"469000,0",Bielany,parter,"56,9",1972,wtórny,do zamieszkania,spółdzielcze własnościowe,blok
"450500,0",Bielany,3,53,1967,wtórny,do remontu,pełna własność,blok
"438000,0",Bielany,3,52,,wtórny,do zamieszkania,pełna własność,blok
"425000,0",Bielany,1,"51,1",1975,wtórny,,pełna własność,blok
"420000,0",Bielany,5,"46,27",1968,wtórny,do remontu,spółdzielcze własnościowe,blok
"415000,0",Bielany,10,"58,14",1978,wtórny,do zamieszkania,pełna własność,blok
"415000,0",Bielany,6,47,1970,wtórny,do zamieszkania,pełna własność,blok
"399000,0",Bielany,4,47,1973,wtórny,,,
"385000,0",Bielany,5,49,1970,wtórny,,,
"385000,0",Bielany,,49,1970,wtórny,do remontu,pełna własność,blok
"374999,0",Bielany,9,"38,2",1965,wtórny,do zamieszkania,,blok
"369000,0",Bielany,parter,49,1961,wtórny,,,blok
"367000,0",Bielany,1,38,1950,wtórny,,,kamienica
"365000,0",Bielany,7,36,2001,wtórny,do zamieszkania,pełna własność,blok
"350000,0",Bielany,5,"38,18",1965,wtórny,,,blok
"349000,0",Bielany,6,42,1973,wtórny,do remontu,pełna własność,blok
"349000,0",Bielany,6,42,1973,wtórny,do remontu,pełna własność,blok
"340000,0",Bielany,6,42,1976,wtórny,,spółdzielcze wł. z KW,
"339000,0",Bielany,1,37,1971,wtórny,,spółdzielcze wł. z KW,blok
"299000,0",Bielany,10,"37,4",1966,wtórny,do zamieszkania,spółdzielcze własnościowe,blok
"260000,0",Bielany,1,18,,wtórny,do remontu,,
"499000,0",Bródno,3,"64,2",2010,wtórny,,pełna własność,
"430000,0",Brzeziny,2,55,2004,wtórny,do zamieszkania,pełna własność,blok
"4200000,0",Centrum,,99,2012,pierwotny,,,apartamentowiec
"2720000,0",Centrum,5,170,1916,wtórny,do zamieszkania,pełna własność,kamienica
"2490000,0",Centrum,2,90,1892,wtórny,,,kamienica
"2150000,0",Centrum,2,"89,54",2010,wtórny,,pełna własność,apartamentowiec
"2100000,0",Centrum,> 10,77,,wtórny,,,apartamentowiec
"1100000,0",Centrum,2,"77,67",1949,wtórny,do zamieszkania,pełna własność,kamienica
"861560,0",Centrum,5,"72,4",,pierwotny,do wykończenia,,apartamentowiec
"799999,0",Centrum,parter,"56,31",2018,pierwotny,do wykończenia,pełna własność,apartamentowiec
"750000,0",Centrum,5,61,1960,wtórny,do zamieszkania,pełna własność,kamienica
"707200,0",Centrum,8,"54,4",2018,wtórny,do wykończenia,pełna własność,blok
"690000,0",Centrum,1,60,1956,wtórny,do zamieszkania,pełna własność,kamienica
"563000,0",Centrum,7,48,1970,wtórny,do zamieszkania,spółdzielcze własnościowe,blok
"475000,0",Centrum,,49,1971,wtórny,,spółdzielcze własnościowe,
"449000,0",Centrum,> 10,39,1970,wtórny,do zamieszkania,spółdzielcze wł. z KW,blok
"439000,0",Centrum,,30,1952,wtórny,,spółdzielcze własnościowe,
"398000,0",Centrum,,40,,wtórny,,spółdzielcze własnościowe,blok
"539000,0",Chomiczówka,8,60,2004,wtórny,,pełna własność,blok
"499000,0",Chomiczówka,3,"60,41",1980,wtórny,do zamieszkania,spółdzielcze własnościowe,blok
"455000,0",Chomiczówka,1,"62,95",1976,wtórny,do zamieszkania,spółdzielcze wł. z KW,blok
"530000,0",Chrzanów,parter,"49,8",2009,pierwotny,do zamieszkania,pełna własność,blok
"399000,0",Czerniaków,2,"37,4",1970,wtórny,do zamieszkania,pełna własność,blok
"830000,0",Czyste,5,"61,36",2019,wtórny,,pełna własność,apartamentowiec
"704000,0",Czyste,1,44,2018,wtórny,do zamieszkania,,blok
"576000,0",Czyste,8,"66,54",2018,wtórny,,,apartamentowiec
"3410000,0",Dolny Mokotów,1,168,2018,wtórny,,,apartamentowiec
"2900000,0",Dolny Mokotów,7,165,2004,wtórny,do zamieszkania,pełna własność,apartamentowiec
"1343370,0",Dolny Mokotów,1,"89,57",2006,wtórny,do zamieszkania,pełna własność,blok
"1250000,0",Dolny Mokotów,parter,84,2013,wtórny,do zamieszkania,pełna własność,
"1144000,0",Dolny Mokotów,3,"71,5",2013,wtórny,do zamieszkania,,apartamentowiec
"1140000,0",Dolny Mokotów,2,"67,26",2019,pierwotny,do wykończenia,pełna własność,
"950000,0",Dolny Mokotów,4,82,2013,wtórny,do zamieszkania,pełna własność,apartamentowiec
"879000,0",Dolny Mokotów,5,"82,65",2008,wtórny,do zamieszkania,pełna własność,blok
"760000,0",Dolny Mokotów,3,62,2007,wtórny,do zamieszkania,pełna własność,blok
"699000,0",Dolny Mokotów,2,58,2008,wtórny,do zamieszkania,pełna własność,apartamentowiec
"599900,0",Dolny Mokotów,4,65,2002,wtórny,do zamieszkania,pełna własność,apartamentowiec
"595000,0",Dolny Mokotów,10,55,2012,wtórny,do zamieszkania,pełna własność,apartamentowiec
"555000,0",Dolny Mokotów,10,56,,wtórny,do zamieszkania,pełna własność,blok
"551187,0",Dolny Mokotów,2,"67,3",2019,pierwotny,,,blok
"549000,0",Dolny Mokotów,4,"46,6",,wtórny,do zamieszkania,pełna własność,blok
"535000,0",Dolny Mokotów,1,56,1970,wtórny,do zamieszkania,spółdzielcze wł. z KW,blok
"516211,5",Dolny Mokotów,2,"73,85",2019,pierwotny,,,blok
"505000,0",Dolny Mokotów,4,"54,2",2007,wtórny,do zamieszkania,pełna własność,blok
"505000,0",Dolny Mokotów,4,53,2018,wtórny,do wykończenia,pełna własność,apartamentowiec
"490000,0",Dolny Mokotów,6,38,,wtórny,do zamieszkania,,blok
"479000,0",Dolny Mokotów,2,37,,wtórny,do zamieszkania,spółdzielcze wł. z KW,blok
"451200,0",Dolny Mokotów,4,47,,wtórny,do zamieszkania,pełna własność,blok
"439000,0",Dolny Mokotów,3,"47,77",1991,wtórny,do zamieszkania,spółdzielcze wł. z KW,blok
"429000,0",Dolny Mokotów,parter,"48,6",1960,wtórny,,pełna własność,blok
"425000,0",Dolny Mokotów,4,47,1960,wtórny,do zamieszkania,pełna własność,blok
"412698,9",Dolny Mokotów,1,"48,61",2019,pierwotny,,,blok
"377960,0",Dolny Mokotów,2,44,2019,pierwotny,,,blok
"790000,0",Gocław,> 10,"74,75",2008,wtórny,do zamieszkania,spółdzielcze własnościowe,
"599000,0",Gocław,5,"60,36",2018,wtórny,do zamieszkania,,apartamentowiec
"579000,0",Gocław,> 10,53,2018,wtórny,do zamieszkania,pełna własność,apartamentowiec
"555000,0",Gocław,> 10,50,2018,wtórny,do zamieszkania,,apartamentowiec
"549000,0",Gocław,> 10,"56,13",2006,wtórny,do zamieszkania,pełna własność,apartamentowiec
"520000,0",Gocław,6,"72,1",1982,wtórny,do zamieszkania,spółdzielcze własnościowe,blok
"520000,0",Gocław,7,"55,9",2008,wtórny,do zamieszkania,pełna własność,apartamentowiec
"499000,0",Gocław,parter,57,1980,wtórny,,,blok
"480000,0",Gocław,7,"73,4",1990,wtórny,,pełna własność,blok
"479000,0",Gocław,,69,,wtórny,,,
"455000,0",Gocław,parter,52,2007,wtórny,do zamieszkania,spółdzielcze wł. z KW,blok
"450000,0",Gocław,> 10,"57,3",2001,wtórny,do remontu,spółdzielcze wł. z KW,blok
"420500,0",Gocław,1,56,1972,wtórny,do remontu,pełna własność,blok
"418375,0",Gocław,3,"53,3",1991,wtórny,do zamieszkania,spółdzielcze wł. z KW,blok
"299000,0",Gocław,3,"34,68",1980,wtórny,do zamieszkania,spółdzielcze wł. z KW,blok
"280000,0",Gocław,2,33,1987,wtórny,do wykończenia,spółdzielcze własnościowe,blok
"748230,0",Gocławek,2,"76,35",2012,wtórny,do zamieszkania,pełna własność,apartamentowiec
"499000,0",Gocławek,parter,60,2016,wtórny,do zamieszkania,pełna własność,blok
"10500000,0",Górny Mokotów,7,"335,57",2004,pierwotny,,,apartamentowiec
"4800000,0",Górny Mokotów,> 10,"423,6",2004,wtórny,,pełna własność,apartamentowiec
"3200000,0",Górny Mokotów,,"154,4",,wtórny,,pełna własność,
"2000000,0",Górny Mokotów,4,"135,5",1998,wtórny,,pełna własność,apartamentowiec
"1850000,0",Górny Mokotów,,"127,5",,wtórny,,,
"1760000,0",Górny Mokotów,1,"92,61",2007,wtórny,do zamieszkania,pełna własność,apartamentowiec
"1430000,0",Górny Mokotów,3,110,1992,wtórny,do zamieszkania,pełna własność,kamienica
"1350000,0",Górny Mokotów,1,"79,47",2008,wtórny,do zamieszkania,,
"1288000,0",Górny Mokotów,parter,88,1954,wtórny,,pełna własność,kamienica
"1259000,0",Górny Mokotów,7,93,,wtórny,,,apartamentowiec
"1180000,0",Górny Mokotów,2,101,2006,wtórny,do zamieszkania,pełna własność,apartamentowiec
"1180000,0",Górny Mokotów,2,"91,32",1937,wtórny,do zamieszkania,pełna własność,kamienica
"1120000,0",Górny Mokotów,6,80,2017,wtórny,do zamieszkania,pełna własność,apartamentowiec
"895500,0",Górny Mokotów,parter,121,1994,wtórny,do remontu,,apartamentowiec
"775000,0",Górny Mokotów,2,"83,37",2008,wtórny,do zamieszkania,pełna własność,apartamentowiec
"719000,0",Górny Mokotów,4,"65,65",2007,wtórny,do zamieszkania,pełna własność,apartamentowiec
"690000,0",Górny Mokotów,> 10,77,2008,wtórny,do zamieszkania,pełna własność,blok
"659000,0",Górny Mokotów,parter,43,2013,wtórny,do zamieszkania,pełna własność,apartamentowiec
"629000,0",Górny Mokotów,5,"73,3",1993,wtórny,do wykończenia,spółdzielcze własnościowe,blok
"629000,0",Górny Mokotów,3,50,2017,wtórny,do zamieszkania,pełna własność,apartamentowiec
"549000,0",Górny Mokotów,2,54,2019,pierwotny,do wykończenia,pełna własność,apartamentowiec
"529000,0",Górny Mokotów,4,"47,75",1953,wtórny,do zamieszkania,pełna własność,blok
"528000,0",Górny Mokotów,parter,"59,04",1987,wtórny,,,blok
"520000,0",Górny Mokotów,2,"46,76",1955,wtórny,,pełna własność,blok
"517800,0",Górny Mokotów,1,"43,15",2018,wtórny,do wykończenia,pełna własność,apartamentowiec
"499000,0",Górny Mokotów,4,48,,wtórny,,pełna własność,kamienica
"475000,0",Górny Mokotów,parter,44,,wtórny,do zamieszkania,pełna własność,kamienica
"469000,0",Górny Mokotów,4,46,1985,wtórny,do zamieszkania,spółdzielcze wł. z KW,blok
"465000,0",Górny Mokotów,3,51,1961,wtórny,do remontu,pełna własność,kamienica
"436000,0",Górny Mokotów,3,"38,6",,wtórny,do zamieszkania,pełna własność,blok
"435928,0",Górny Mokotów,4,"31,16",2018,wtórny,do zamieszkania,pełna własność,blok
"433400,0",Górny Mokotów,,44,2019,pierwotny,do wykończenia,,apartamentowiec
"430000,0",Górny Mokotów,3,"37,8",1960,wtórny,do zamieszkania,pełna własność,blok
"390000,0",Górny Mokotów,8,"43,97",1970,wtórny,,pełna własność,
"389000,0",Górny Mokotów,4,34,1955,wtórny,do zamieszkania,pełna własność,kamienica
"375600,0",Górny Mokotów,parter,"33,54",1958,wtórny,,pełna własność,kamienica
"365000,0",Górny Mokotów,parter,39,,wtórny,,spółdzielcze własnościowe,blok
"325000,0",Górny Mokotów,parter,"25,2",1960,wtórny,,pełna własność,kamienica
"4000000,0",Grochów,1,450,2019,wtórny,do zamieszkania,pełna własność,blok
"696000,0",Grochów,3,105,1956,wtórny,do zamieszkania,pełna własność,kamienica
"540000,0",Grochów,7,57,1965,wtórny,do zamieszkania,,blok
"470000,0",Grochów,4,"45,88",2015,wtórny,do zamieszkania,,kamienica
"375000,0",Grochów,1,46,1956,wtórny,do zamieszkania,pełna własność,kamienica
"1550000,0",Henryków,4,"98,46",1936,wtórny,,pełna własność,kamienica
"583000,0",Imielin,,"62,9",1981,wtórny,,spółdzielcze własnościowe,blok
"490000,0",Imielin,9,52,1980,wtórny,do zamieszkania,,blok
"477000,0",Imielin,3,"60,2",1979,wtórny,,spółdzielcze własnościowe,blok
"438000,0",Imielin,4,"38,65",2011,wtórny,,pełna własność,blok
"430000,0",Imielin,6,"47,2",,wtórny,,spółdzielcze własnościowe,blok
"465000,0",Jelonki,5,52,1980,wtórny,do zamieszkania,spółdzielcze wł. z KW,blok
"445000,0",Jelonki,,63,1980,wtórny,,spółdzielcze własnościowe,blok
"1385000,0",Kabaty,3,105,1997,wtórny,do zamieszkania,spółdzielcze własnościowe,blok
"950000,0",Kabaty,3,"121,6",1995,wtórny,,spółdzielcze wł. z KW,
"876000,0",Kabaty,3,73,2006,wtórny,do zamieszkania,pełna własność,blok
"859000,0",Kabaty,,"90,5",1998,wtórny,,spółdzielcze własnościowe,
"859000,0",Kabaty,parter,"90,5",1998,wtórny,do zamieszkania,spółdzielcze własnościowe,blok
"799000,0",Kabaty,,"93,6",1999,wtórny,,spółdzielcze wł. z KW,
"659000,0",Kabaty,3,64,2004,wtórny,do zamieszkania,pełna własność,apartamentowiec
"577000,0",Kabaty,4,"50,2",2007,wtórny,do zamieszkania,pełna własność,apartamentowiec
"459000,0",Kabaty,3,57,2000,wtórny,,spółdzielcze własnościowe,blok
"455000,0",Kabaty,8,"53,71",1995,wtórny,do wykończenia,spółdzielcze własnościowe,blok
"749000,0",Kamionek,2,"73,9",1935,wtórny,do zamieszkania,pełna własność,kamienica
"549000,0",Kamionek,1,"50,1",1935,wtórny,do zamieszkania,pełna własność,kamienica
"485000,0",Kamionek,,"45,6",2000,wtórny,,pełna własność,
"442000,0",Kamionek,3,"49,66",1950,wtórny,,pełna własność,kamienica
"414000,0",Kamionek,1,"37,91",2017,wtórny,do zamieszkania,pełna własność,apartamentowiec
"449000,0",Kawęczyn,2,53,2007,wtórny,do zamieszkania,pełna własność,blok
"720000,0",Ksawerów,1,82,,wtórny,do zamieszkania,spółdzielcze wł. z KW,blok
"494900,0",Ksawerów,3,"45,4",1978,wtórny,do zamieszkania,spółdzielcze wł. z KW,blok
"499000,0",Lewandów,1,144,2019,pierwotny,do wykończenia,pełna własność,szeregowiec
"1650000,0",Mariensztat,2,75,1830,wtórny,do zamieszkania,pełna własność,kamienica
"645000,0",Mariensztat,2,"45,17",1947,wtórny,do zamieszkania,pełna własność,kamienica
"430000,0",Marysin Wawerski,2,54,,wtórny,,pełna własność,apartamentowiec
"429000,0",Marysin Wawerski,2,54,1968,wtórny,do zamieszkania,spółdzielcze własnościowe,blok
"2490000,0",mazowieckie,2,90,1892,wtórny,,,kamienica
"1800000,0",mazowieckie,4,"70,7",1913,wtórny,,,kamienica
"1700000,0",mazowieckie,> 10,160,2000,pierwotny,do zamieszkania,spółdzielcze własnościowe,apartamentowiec
"1430000,0",mazowieckie,1,200,1996,wtórny,do wykończenia,spółdzielcze wł. z KW,blok
"1325000,0",mazowieckie,5,85,2010,wtórny,do zamieszkania,,apartamentowiec
"1293520,0",mazowieckie,2,"120,32",2008,wtórny,,pełna własność,apartamentowiec
"999000,0",mazowieckie,3,52,,wtórny,do zamieszkania,pełna własność,kamienica
"920000,0",mazowieckie,1,"95,9",1999,wtórny,do zamieszkania,spółdzielcze własnościowe,blok
"913000,0",mazowieckie,2,83,2011,wtórny,do zamieszkania,pełna własność,apartamentowiec
"836000,0",mazowieckie,1,77,2012,wtórny,do zamieszkania,pełna własność,blok
"800000,0",mazowieckie,3,"108,64",1907,wtórny,do wykończenia,spółdzielcze własnościowe,kamienica
"796500,0",mazowieckie,,"63,7",2010,wtórny,do zamieszkania,pełna własność,blok
"770000,0",mazowieckie,4,75,2012,wtórny,do zamieszkania,,blok
"739000,0",mazowieckie,4,52,1950,wtórny,do zamieszkania,pełna własność,kamienica
"675000,0",mazowieckie,3,"58,6",1955,wtórny,do zamieszkania,pełna własność,kamienica
"660000,0",mazowieckie,4,52,2000,wtórny,do zamieszkania,pełna własność,blok
"649000,0",mazowieckie,1,"59,5",2006,wtórny,do zamieszkania,pełna własność,apartamentowiec
"595000,0",mazowieckie,parter,85,2005,wtórny,do zamieszkania,pełna własność,blok
"585000,0",mazowieckie,2,43,2015,wtórny,do zamieszkania,,apartamentowiec
"525000,0",mazowieckie,1,"43,5",2018,wtórny,do zamieszkania,pełna własność,apartamentowiec
"517000,0",mazowieckie,3,55,2018,pierwotny,do wykończenia,pełna własność,blok
"490000,0",mazowieckie,8,"71,19",1993,wtórny,do remontu,pełna własność,blok
"475000,0",mazowieckie,4,"56,5",1968,wtórny,do zamieszkania,pełna własność,blok
"469000,0",mazowieckie,1,47,1980,wtórny,do wykończenia,spółdzielcze wł. z KW,blok
"455000,0",mazowieckie,10,50,,wtórny,do zamieszkania,pełna własność,
"449000,0",mazowieckie,> 10,"38,1",1976,wtórny,do zamieszkania,spółdzielcze wł. z KW,blok
"440000,0",mazowieckie,parter,56,,wtórny,do zamieszkania,,blok
"440000,0",mazowieckie,3,"49,19",2014,wtórny,do zamieszkania,pełna własność,blok
"439000,0",mazowieckie,2,53,2000,wtórny,do zamieszkania,pełna własność,apartamentowiec
"435000,0",mazowieckie,1,"49,2",1998,wtórny,do zamieszkania,,blok
"385000,0",mazowieckie,1,"69,1",1996,wtórny,do zamieszkania,spółdzielcze wł. z KW,blok
"375000,0",mazowieckie,1,"41,2",1998,wtórny,do zamieszkania,pełna własność,blok
"349000,0",mazowieckie,4,"27,8",,wtórny,do zamieszkania,spółdzielcze wł. z KW,blok
"320000,0",mazowieckie,2,32,1935,wtórny,do zamieszkania,pełna własność,kamienica
"260000,0",mazowieckie,2,40,2019,pierwotny,do wykończenia,pełna własność,blok
"213000,0",mazowieckie,6,18,2021,pierwotny,do wykończenia,,apartamentowiec
"840000,0",Mirów,2,84,,wtórny,,,blok
"625000,0",Mirów,5,"64,8",1992,wtórny,do wykończenia,pełna własność,blok
"549000,0",Mirów,2,49,,wtórny,,,blok
"399000,0",Mirów,4,"45,5",1950,wtórny,do remontu,,kamienica
"2550000,0",Młociny,parter,176,2005,wtórny,do zamieszkania,pełna własność,apartamentowiec
"350000,0",Młociny,parter,42,1954,wtórny,do wykończenia,pełna własność,kamienica
"539000,0",Młynów,2,46,1954,wtórny,,pełna własność,kamienica
"3950000,0",Mokotów,3,226,2006,wtórny,do zamieszkania,pełna własność,
"3700000,0",Mokotów,parter,200,2001,wtórny,,pełna własność,apartamentowiec
"3500000,0",Mokotów,parter,"166,8",2000,pierwotny,,,apartamentowiec
"3200000,0",Mokotów,1,"154,4",,wtórny,,,apartamentowiec
"2819450,0",Mokotów,5,"181,9",2018,wtórny,,pełna własność,apartamentowiec
"2800000,0",Mokotów,7,163,2004,wtórny,do zamieszkania,pełna własność,apartamentowiec
"2790000,0",Mokotów,2,197,2018,wtórny,,pełna własność,apartamentowiec
"2790000,0",Mokotów,2,197,2018,wtórny,,pełna własność,apartamentowiec
"2490000,0",Mokotów,4,157,2016,wtórny,,pełna własność,apartamentowiec
"2300000,0",Mokotów,7,112,2012,wtórny,do zamieszkania,pełna własność,apartamentowiec
"2230000,0",Mokotów,3,"158,31",2007,wtórny,do zamieszkania,,apartamentowiec
"1950837,0",Mokotów,4,"132,71",2018,wtórny,,pełna własność,apartamentowiec
"1850000,0",Mokotów,parter,"169,3",2001,wtórny,,pełna własność,blok
"1750000,0",Mokotów,2,176,2000,wtórny,do zamieszkania,pełna własność,blok
"1697346,2",Mokotów,1,"135,69",2017,wtórny,do zamieszkania,pełna własność,apartamentowiec
"1690000,0",Mokotów,2,109,2018,wtórny,do zamieszkania,pełna własność,apartamentowiec
"1650000,0",Mokotów,3,100,2017,pierwotny,do wykończenia,,apartamentowiec
"1600000,0",Mokotów,2,95,2007,wtórny,,,apartamentowiec
"1450000,0",Mokotów,parter,146,2001,wtórny,do zamieszkania,pełna własność,apartamentowiec
"1440000,0",Mokotów,6,"125,74",2008,wtórny,do zamieszkania,pełna własność,apartamentowiec
"1300000,0",Mokotów,8,"139,5",2006,wtórny,,pełna własność,
"1300000,0",Mokotów,1,"81,24",2006,wtórny,do zamieszkania,pełna własność,apartamentowiec
"1300000,0",Mokotów,,"81,5",,wtórny,,,apartamentowiec
"1280000,0",Mokotów,4,84,1937,wtórny,do zamieszkania,pełna własność,kamienica
"1275000,0",Mokotów,9,"85,51",2002,wtórny,do zamieszkania,pełna własność,
"1249000,0",Mokotów,1,"125,49",2007,wtórny,,pełna własność,apartamentowiec
"1180000,0",Mokotów,3,103,1933,wtórny,do zamieszkania,pełna własność,kamienica
"1158000,0",Mokotów,9,117,2006,wtórny,do zamieszkania,pełna własność,apartamentowiec
"1149000,0",Mokotów,1,91,2017,wtórny,do zamieszkania,pełna własność,apartamentowiec
"1130000,0",Mokotów,9,113,,wtórny,,,apartamentowiec
"1080000,0",Mokotów,3,100,1956,wtórny,do zamieszkania,spółdzielcze wł. z KW,kamienica
"999000,0",Mokotów,2,"109,27",2010,wtórny,,pełna własność,apartamentowiec
"990000,0",Mokotów,2,"87,6",2007,wtórny,do zamieszkania,pełna własność,apartamentowiec
"979000,0",Mokotów,1,"112,9",2003,wtórny,do remontu,pełna własność,blok
"934000,0",Mokotów,parter,"85,7",2001,wtórny,,pełna własność,blok
"898000,0",Mokotów,3,"92,05",1936,wtórny,do zamieszkania,pełna własność,kamienica
"864000,0",Mokotów,2,72,2012,wtórny,do zamieszkania,pełna własność,apartamentowiec
"862000,0",Mokotów,5,"82,5",,wtórny,,,apartamentowiec
"859000,0",Mokotów,1,"85,4",2001,wtórny,,pełna własność,apartamentowiec
"853000,0",Mokotów,1,"79,71",2005,wtórny,,pełna własność,apartamentowiec
"850000,0",Mokotów,,65,2018,wtórny,do wykończenia,pełna własność,apartamentowiec
"849000,0",Mokotów,5,67,2019,wtórny,do wykończenia,pełna własność,apartamentowiec
"849000,0",Mokotów,6,70,2016,wtórny,do zamieszkania,pełna własność,apartamentowiec
"847000,0",Mokotów,1,"82,46",2009,wtórny,do zamieszkania,pełna własność,apartamentowiec
"844000,0",Mokotów,7,88,2003,wtórny,do zamieszkania,pełna własność,apartamentowiec
"837000,0",Mokotów,parter,"76,8",2001,wtórny,,pełna własność,blok
"817300,0",Mokotów,3,"74,3",2007,wtórny,do zamieszkania,,
"817300,0",Mokotów,3,"74,3",2007,wtórny,do zamieszkania,,
"815000,0",Mokotów,8,"64,3",2006,wtórny,do zamieszkania,pełna własność,apartamentowiec
"812000,0",Mokotów,8,77,1975,wtórny,,,
"810000,0",Mokotów,9,"53,46",2002,wtórny,do zamieszkania,pełna własność,apartamentowiec
"800000,0",Mokotów,1,"72,08",1938,wtórny,do zamieszkania,pełna własność,kamienica
"789164,4",Mokotów,2,"44,36",2014,wtórny,,pełna własność,apartamentowiec
"724000,0",Mokotów,4,"47,86",2018,wtórny,do zamieszkania,pełna własność,apartamentowiec
"724000,0",Mokotów,4,48,2019,wtórny,do zamieszkania,,apartamentowiec
"720000,0",Mokotów,6,"56,63",2007,wtórny,do zamieszkania,pełna własność,apartamentowiec
"719000,0",Mokotów,6,60,2009,wtórny,do zamieszkania,pełna własność,apartamentowiec
"719000,0",Mokotów,8,"67,63",2000,wtórny,,pełna własność,apartamentowiec
"695000,0",Mokotów,4,60,2009,wtórny,do zamieszkania,pełna własność,apartamentowiec
"675000,0",Mokotów,6,51,2018,wtórny,do zamieszkania,pełna własność,apartamentowiec
"660000,0",Mokotów,10,68,2015,wtórny,do zamieszkania,,apartamentowiec
"630000,0",Mokotów,2,"55,82",2016,wtórny,do zamieszkania,pełna własność,blok
"629000,0",Mokotów,9,69,1990,wtórny,do zamieszkania,spółdzielcze własnościowe,blok
"618000,0",Mokotów,2,64,1976,wtórny,do zamieszkania,spółdzielcze własnościowe,blok
"599000,0",Mokotów,parter,"63,46",2010,wtórny,do zamieszkania,pełna własność,blok
"560000,0",Mokotów,3,"70,86",1988,wtórny,do zamieszkania,spółdzielcze własnościowe,blok
"559130,0",Mokotów,1,"79,99",2019,pierwotny,,,blok
"545000,0",Mokotów,parter,"54,61",1956,wtórny,do remontu,pełna własność,
"542000,0",Mokotów,4,"62,3",2018,wtórny,do wykończenia,pełna własność,apartamentowiec
"540000,0",Mokotów,parter,"48,66",1957,wtórny,do zamieszkania,pełna własność,kamienica
"530000,0",Mokotów,1,"62,5",1988,wtórny,do remontu,spółdzielcze wł. z KW,blok
"529900,0",Mokotów,3,46,1958,wtórny,do zamieszkania,pełna własność,kamienica
"529000,0",Mokotów,4,"47,75",1953,wtórny,,pełna własność,
"524600,0",Mokotów,5,"52,99",2018,wtórny,do wykończenia,pełna własność,blok
"520000,0",Mokotów,5,38,2012,wtórny,,pełna własność,
"520000,0",Mokotów,8,40,2018,wtórny,do zamieszkania,pełna własność,apartamentowiec
"519000,0",Mokotów,2,"39,12",1952,wtórny,do zamieszkania,pełna własność,kamienica
"509000,0",Mokotów,> 10,"53,6",1968,wtórny,do remontu,pełna własność,blok
"500000,0",Mokotów,10,57,2010,wtórny,,pełna własność,apartamentowiec
"499999,0",Mokotów,8,"54,6",1970,wtórny,do remontu,pełna własność,blok
"499000,0",Mokotów,1,39,1934,wtórny,do wykończenia,pełna własność,kamienica
"488000,0",Mokotów,3,"45,4",,wtórny,,spółdzielcze wł. z KW,blok
"487000,0",Mokotów,10,42,,wtórny,do zamieszkania,pełna własność,blok
"475000,0",Mokotów,> 10,42,2005,wtórny,,pełna własność,apartamentowiec
"475000,0",Mokotów,4,"56,26",1968,wtórny,do zamieszkania,pełna własność,blok
"475000,0",Mokotów,3,"49,4",1972,wtórny,,spółdzielcze wł. z KW,blok
"465000,0",Mokotów,10,57,1973,wtórny,,,blok
"460000,0",Mokotów,7,49,,wtórny,do remontu,pełna własność,
"460000,0",Mokotów,3,"47,77",1991,wtórny,do remontu,,blok
"457000,0",Mokotów,,"46,64",2019,pierwotny,do wykończenia,,apartamentowiec
"440000,0",Mokotów,3,51,1969,wtórny,,,
"439000,0",Mokotów,parter,"25,5",,wtórny,do zamieszkania,pełna własność,kamienica
"425000,0",Mokotów,5,"40,83",2019,pierwotny,do wykończenia,pełna własność,apartamentowiec
"421000,0",Mokotów,5,50,1974,wtórny,do remontu,pełna własność,blok
"420000,0",Mokotów,9,"27,93",2002,wtórny,do zamieszkania,pełna własność,apartamentowiec
"415000,0",Mokotów,parter,"48,24",1971,wtórny,do zamieszkania,pełna własność,blok
"415000,0",Mokotów,6,36,1968,wtórny,do zamieszkania,spółdzielcze własnościowe,blok
"413171,0",Mokotów,1,"37,42",2020,wtórny,,pełna własność,apartamentowiec
"409000,0",Mokotów,6,"37,77",2019,wtórny,,pełna własność,apartamentowiec
"400000,0",Mokotów,3,"40,25",2010,wtórny,do zamieszkania,pełna własność,apartamentowiec
"388000,0",Mokotów,5,33,2020,pierwotny,do wykończenia,pełna własność,apartamentowiec
"388000,0",Mokotów,5,33,2020,pierwotny,do wykończenia,pełna własność,apartamentowiec
"370000,0",Mokotów,parter,"40,16",2019,wtórny,,pełna własność,
"369000,0",Mokotów,1,29,1936,wtórny,do remontu,pełna własność,kamienica
"364000,0",Mokotów,9,"38,3",1971,wtórny,,spółdzielcze wł. z KW,blok
"349999,0",Mokotów,parter,"36,5",1973,wtórny,do remontu,pełna własność,blok
"349000,0",Mokotów,,"26,82",2007,wtórny,do remontu,pełna własność,blok
"339000,0",Mokotów,7,37,,wtórny,do remontu,spółdzielcze własnościowe,blok
"330000,0",Mokotów,parter,25,1956,wtórny,do remontu,spółdzielcze wł. z KW,blok
"297500,0",Mokotów,2,"27,61",2019,pierwotny,,,
"295000,0",Mokotów,parter,"22,9",1966,wtórny,,,
"209000,0",Mokotów,,15,,wtórny,,,blok
"920000,0",Muranów,1,55,2013,wtórny,,pełna własność,apartamentowiec
"525000,0",Muranów,2,"49,63",1957,wtórny,do remontu,pełna własność,blok
"455000,0",Muranów,3,46,1963,wtórny,,pełna własność,blok
"359000,0",Muranów,1,31,1950,wtórny,do zamieszkania,pełna własność,kamienica
"695000,0",Natolin,2,"58,9",2009,wtórny,do zamieszkania,pełna własność,apartamentowiec
"540000,0",Natolin,1,"63,27",1986,wtórny,,,blok
"479000,0",Natolin,3,"50,15",1985,wtórny,,spółdzielcze własnościowe,blok
"420000,0",Natolin,4,43,1988,wtórny,,spółdzielcze własnościowe,blok
"625999,0",Nowa Praga,10,"84,46",1985,wtórny,do zamieszkania,pełna własność,blok
"520000,0",Nowe Miasto,1,36,1952,wtórny,,,
"950000,0",Nowe Włochy,2,"87,4",2008,wtórny,do zamieszkania,pełna własność,
"740000,0",Nowe Włochy,3,"87,64",2013,wtórny,do zamieszkania,pełna własność,apartamentowiec
"494000,0",Nowe Włochy,2,"54,66",2013,wtórny,do zamieszkania,pełna własność,apartamentowiec
"1070000,0",Nowodwory,4,"107,28",2012,wtórny,do zamieszkania,pełna własność,blok
"900000,0",Nowodwory,4,"107,28",2012,wtórny,do zamieszkania,pełna własność,blok
"680982,4",Nowodwory,3,"86,86",2009,wtórny,do zamieszkania,pełna własność,blok
"451000,0",Nowodwory,1,"66,78",2001,wtórny,do zamieszkania,pełna własność,blok
"435000,0",Nowodwory,1,"55,6",2012,wtórny,do zamieszkania,pełna własność,apartamentowiec
"386206,0",Nowodwory,,"51,86",,pierwotny,do wykończenia,pełna własność,apartamentowiec
"229672,0",Nowodwory,,"30,22",,pierwotny,do wykończenia,pełna własność,apartamentowiec
"329000,0",Nowy Rembertów,parter,37,,wtórny,do zamieszkania,pełna własność,blok
"1499000,0",Ochota,> 10,163,2012,wtórny,,pełna własność,blok
"1399000,0",Ochota,parter,"123,1",2014,wtórny,do zamieszkania,pełna własność,blok
"1192400,0",Ochota,2,"108,4",2011,wtórny,do zamieszkania,pełna własność,
"1190000,0",Ochota,2,164,1995,wtórny,do wykończenia,spółdzielcze wł. z KW,blok
"950000,0",Ochota,3,"69,01",,wtórny,,spółdzielcze wł. z KW,
"896000,0",Ochota,4,"112,3",1995,wtórny,do zamieszkania,pełna własność,
"799000,0",Ochota,7,"53,5",2010,wtórny,do zamieszkania,pełna własność,blok
"739000,0",Ochota,4,52,1957,wtórny,do zamieszkania,pełna własność,kamienica
"690000,0",Ochota,4,75,1955,wtórny,do zamieszkania,pełna własność,kamienica
"675000,0",Ochota,3,64,1994,wtórny,do zamieszkania,spółdzielcze wł. z KW,blok
"589862,0",Ochota,3,"44,1",1960,wtórny,do zamieszkania,pełna własność,kamienica
"540000,0",Ochota,3,44,2008,wtórny,do zamieszkania,pełna własność,blok
"539000,0",Ochota,8,"61,5",1970,wtórny,do zamieszkania,spółdzielcze własnościowe,blok
"499500,0",Ochota,10,52,1961,wtórny,do zamieszkania,spółdzielcze wł. z KW,
"499000,0",Ochota,1,39,2004,wtórny,do zamieszkania,pełna własność,blok
"499000,0",Ochota,3,"56,36",1957,wtórny,do zamieszkania,pełna własność,kamienica
"469000,0",Ochota,1,37,,wtórny,,pełna własność,kamienica
"459000,0",Ochota,parter,"47,5",1960,wtórny,do zamieszkania,pełna własność,blok
"406000,0",Ochota,2,42,1973,wtórny,,pełna własność,blok
"400000,0",Ochota,3,36,1935,wtórny,do zamieszkania,pełna własność,kamienica
"394900,0",Ochota,2,37,1960,wtórny,do zamieszkania,pełna własność,kamienica
"350000,0",Ochota,parter,"36,6",1969,wtórny,do zamieszkania,,blok
"340000,0",Ochota,6,27,1970,wtórny,do zamieszkania,pełna własność,blok
"299000,0",Ochota,,"26,91",,wtórny,,pełna własność,
"268000,0",Ochota,1,"22,98",,wtórny,,pełna własność,blok
"490000,0",Odolany,4,"41,4",2017,wtórny,do zamieszkania,,blok
"376000,0",Odolany,4,"38,4",2018,pierwotny,do wykończenia,pełna własność,blok
"515000,0",Okęcie,3,"59,2",1975,wtórny,do zamieszkania,spółdzielcze własnościowe,blok
"369000,0",Okęcie,2,43,,wtórny,do zamieszkania,pełna własność,blok
"565000,0",Piaski,,65,1973,wtórny,,,blok
"449000,0",Piaski,1,47,1972,wtórny,,pełna własność,blok
"435000,0",Piaski,parter,"51,4",1972,wtórny,,spółdzielcze własnościowe,blok
"2400000,0",Pola Mokotowskie,3,140,2010,wtórny,do zamieszkania,pełna własność,apartamentowiec
"2000000,0",Pola Mokotowskie,3,85,2010,wtórny,do zamieszkania,pełna własność,apartamentowiec
"1350000,0",Pola Mokotowskie,2,101,1937,wtórny,do zamieszkania,pełna własność,kamienica
"1230000,0",Pola Mokotowskie,3,"60,7",2009,wtórny,do zamieszkania,pełna własność,blok
"8600000,0",Powiśle,5,224,,wtórny,,,
"8100000,0",Powiśle,3,"304,22",,wtórny,,,apartamentowiec
"4360000,0",Powiśle,,"209,27",,wtórny,,,apartamentowiec
"1950000,0",Powiśle,2,103,2007,wtórny,do wykończenia,pełna własność,apartamentowiec
"1710000,0",Powiśle,6,76,2017,pierwotny,do zamieszkania,pełna własność,apartamentowiec
"1450000,0",Powiśle,3,"86,1",2006,wtórny,,,apartamentowiec
"999000,0",Powiśle,5,"67,93",1930,wtórny,do zamieszkania,pełna własność,kamienica
"515000,0",Powiśle,3,36,2011,wtórny,,,apartamentowiec
"479000,0",Powiśle,10,"37,5",,wtórny,do zamieszkania,spółdzielcze własnościowe,
"337000,0",Powiśle,1,27,1960,wtórny,,,
"1114000,0",Praga-Południe,4,"122,64",2009,wtórny,do zamieszkania,pełna własność,apartamentowiec
"1100000,0",Praga-Południe,3,"147,64",1907,wtórny,do wykończenia,spółdzielcze własnościowe,kamienica
"990000,0",Praga-Południe,parter,125,2009,wtórny,do zamieszkania,pełna własność,blok
"880000,0",Praga-Południe,2,"122,3",2000,wtórny,do zamieszkania,spółdzielcze wł. z KW,apartamentowiec
"849000,0",Praga-Południe,3,"75,75",2013,wtórny,do zamieszkania,pełna własność,blok
"848000,0",Praga-Południe,6,"99,3",2010,wtórny,,,
"800000,0",Praga-Południe,3,84,1926,wtórny,do zamieszkania,spółdzielcze wł. z KW,kamienica
"795000,0",Praga-Południe,6,"67,4",2013,wtórny,do zamieszkania,pełna własność,apartamentowiec
"749900,0",Praga-Południe,4,99,2000,wtórny,do zamieszkania,pełna własność,apartamentowiec
"707979,0",Praga-Południe,3,"86,55",2020,pierwotny,do wykończenia,,blok
"695000,0",Praga-Południe,4,"70,43",2009,wtórny,do zamieszkania,pełna własność,apartamentowiec
"690000,0",Praga-Południe,parter,"47,63",,wtórny,do zamieszkania,,apartamentowiec
"640000,0",Praga-Południe,2,"67,4",2011,wtórny,,,blok
"635000,0",Praga-Południe,4,"66,5",2006,wtórny,do zamieszkania,spółdzielcze wł. z KW,apartamentowiec
"625000,0",Praga-Południe,1,85,1988,wtórny,do zamieszkania,pełna własność,blok
"610000,0",Praga-Południe,4,"88,5",,wtórny,,pełna własność,kamienica
"599000,0",Praga-Południe,5,"60,5",2018,wtórny,do zamieszkania,pełna własność,apartamentowiec
"599000,0",Praga-Południe,> 10,57,2010,wtórny,do zamieszkania,pełna własność,apartamentowiec
"570000,0",Praga-Południe,8,"75,4",1993,wtórny,do remontu,pełna własność,blok
"556000,0",Praga-Południe,2,"54,55",,wtórny,do zamieszkania,,apartamentowiec
"549000,0",Praga-Południe,1,"50,06",1957,wtórny,do zamieszkania,,kamienica
"529000,0",Praga-Południe,1,50,1950,wtórny,do zamieszkania,pełna własność,kamienica
"528000,0",Praga-Południe,1,77,1981,wtórny,do remontu,pełna własność,blok
"525000,0",Praga-Południe,1,"58,35",,wtórny,do zamieszkania,pełna własność,kamienica
"517996,8",Praga-Południe,1,"62,56",2020,pierwotny,do wykończenia,,blok
"517700,0",Praga-Południe,parter,"77,5",1992,wtórny,do zamieszkania,pełna własność,blok
"517430,0",Praga-Południe,2,59,1999,wtórny,do zamieszkania,spółdzielcze wł. z KW,blok
"512736,0",Praga-Południe,6,61,2019,pierwotny,do wykończenia,pełna własność,blok
"505000,0",Praga-Południe,,"72,34",2019,pierwotny,,,blok
"499500,0",Praga-Południe,3,"64,1",1993,wtórny,do remontu,spółdzielcze własnościowe,blok
"499000,0",Praga-Południe,7,57,1965,wtórny,do zamieszkania,spółdzielcze wł. z KW,blok
"499000,0",Praga-Południe,2,61,1979,wtórny,do zamieszkania,spółdzielcze wł. z KW,blok
"495012,0",Praga-Południe,1,"59,64",2019,pierwotny,do wykończenia,pełna własność,kamienica
"490000,0",Praga-Południe,4,"50,22",1950,wtórny,do remontu,pełna własność,kamienica
"477700,0",Praga-Południe,4,57,1973,wtórny,do zamieszkania,spółdzielcze własnościowe,blok
"469000,0",Praga-Południe,9,"44,8",1966,wtórny,do zamieszkania,pełna własność,blok
"467524,2",Praga-Południe,1,"54,49",2020,pierwotny,do wykończenia,,blok
"459000,0",Praga-Południe,4,"53,7",1960,wtórny,do zamieszkania,spółdzielcze wł. z KW,kamienica
"449136,0",Praga-Południe,2,"62,38",1980,wtórny,do zamieszkania,,blok
"449000,0",Praga-Południe,7,46,,wtórny,do zamieszkania,pełna własność,blok
"439000,0",Praga-Południe,parter,"57,7",1960,wtórny,do zamieszkania,spółdzielcze wł. z KW,blok
"439000,0",Praga-Południe,3,53,2000,wtórny,,pełna własność,
"435000,0",Praga-Południe,8,"47,15",,wtórny,do zamieszkania,spółdzielcze wł. z KW,blok
"420000,0",Praga-Południe,2,"51,14",1958,wtórny,do remontu,pełna własność,blok
"420000,0",Praga-Południe,7,47,1971,wtórny,do zamieszkania,,blok
"419000,0",Praga-Południe,,38,,wtórny,do zamieszkania,spółdzielcze wł. z KW,blok
"360000,0",Praga-Południe,3,"37,5",1956,wtórny,do zamieszkania,pełna własność,kamienica
"354000,0",Praga-Południe,,36,1963,wtórny,,,blok
"345000,0",Praga-Południe,,"34,14",,wtórny,,pełna własność,apartamentowiec
"330000,0",Praga-Południe,1,"42,9",2001,wtórny,do zamieszkania,pełna własność,blok
"304500,0",Praga-Południe,1,"26,82",2018,wtórny,,,
"289000,0",Praga-Południe,> 10,26,2018,wtórny,,pełna własność,
"249000,0",Praga-Południe,5,"21,86",1961,wtórny,,pełna własność,blok
"1082900,0",Praga-Północ,6,80,2020,pierwotny,do wykończenia,pełna własność,blok
"995000,0",Praga-Północ,6,87,2005,wtórny,do zamieszkania,pełna własność,apartamentowiec
"825000,0",Praga-Północ,parter,"86,12",2015,wtórny,do zamieszkania,pełna własność,kamienica
"750000,0",Praga-Północ,4,"72,56",1939,wtórny,,pełna własność,kamienica
"715000,0",Praga-Północ,1,"41,5",2016,wtórny,,pełna własność,apartamentowiec
"664643,0",Praga-Północ,2,"73,7",,pierwotny,do wykończenia,pełna własność,apartamentowiec
"599000,0",Praga-Północ,5,"63,76",1925,wtórny,do zamieszkania,pełna własność,kamienica
"579000,0",Praga-Północ,4,"66,9",1993,wtórny,,spółdzielcze własnościowe,blok
"539000,0",Praga-Północ,5,"48,63",2018,wtórny,do zamieszkania,pełna własność,kamienica
"538906,0",Praga-Północ,1,59,2018,pierwotny,do wykończenia,pełna własność,kamienica
"525000,0",Praga-Północ,2,65,2000,wtórny,do zamieszkania,spółdzielcze własnościowe,blok
"500000,0",Praga-Północ,5,67,2000,wtórny,,spółdzielcze własnościowe,blok
"499000,0",Praga-Północ,3,47,1960,wtórny,do zamieszkania,spółdzielcze wł. z KW,blok
"497000,0",Praga-Północ,5,47,1950,wtórny,do zamieszkania,pełna własność,kamienica
"490000,0",Praga-Północ,8,"71,19",1993,wtórny,do remontu,pełna własność,blok
"489000,0",Praga-Północ,1,49,1957,wtórny,do zamieszkania,pełna własność,kamienica
"488000,0",Praga-Północ,8,61,1970,wtórny,do zamieszkania,spółdzielcze własnościowe,blok
"463000,0",Praga-Północ,parter,"46,7",1955,wtórny,do remontu,pełna własność,kamienica
"425007,0",Praga-Północ,2,"53,46",2019,pierwotny,do wykończenia,pełna własność,blok
"420000,0",Praga-Północ,parter,49,1970,wtórny,do zamieszkania,,blok
"406806,0",Praga-Północ,,"43,19",,pierwotny,do wykończenia,pełna własność,apartamentowiec
"399000,0",Praga-Północ,5,60,1925,wtórny,do remontu,spółdzielcze wł. z KW,kamienica
"390000,0",Praga-Północ,parter,62,1927,wtórny,do remontu,spółdzielcze własnościowe,kamienica
"390000,0",Praga-Północ,3,49,1938,wtórny,do remontu,,kamienica
"380000,0",Praga-Północ,4,40,2019,wtórny,do wykończenia,pełna własność,kamienica
"339000,0",Praga-Północ,4,47,,wtórny,do remontu,spółdzielcze własnościowe,blok
"313000,0",Praga-Północ,9,25,,wtórny,,pełna własność,
"313000,0",Praga-Północ,9,25,1960,wtórny,do zamieszkania,pełna własność,blok
"310400,0",Praga-Północ,,32,2019,pierwotny,do wykończenia,,blok
"310000,0",Praga-Północ,7,"29,5",2002,wtórny,do zamieszkania,spółdzielcze wł. z KW,apartamentowiec
"799000,0",Pyry,,"100,5",,wtórny,,pełna własność,
"350000,0",Rakowiec,4,"38,4",,wtórny,do zamieszkania,spółdzielcze wł. z KW,blok
"414000,0",Raków,1,"30,07",2018,wtórny,do zamieszkania,pełna własność,blok
"529000,0",Rembertów,3,78,2002,wtórny,do zamieszkania,pełna własność,blok
"399000,0",Sadul,1,47,2011,wtórny,do zamieszkania,pełna własność,blok
"827000,0",Sady Żoliborskie,3,"61,32",2011,wtórny,do zamieszkania,,blok
"549000,0",Sady Żoliborskie,3,65,,wtórny,do remontu,,blok
"540000,0",Sady Żoliborskie,2,53,1971,wtórny,do zamieszkania,spółdzielcze własnościowe,blok
"329000,0",Sady Żoliborskie,7,42,,wtórny,do remontu,spółdzielcze własnościowe,blok
"2490000,0",Sadyba,4,157,2016,wtórny,do zamieszkania,pełna własność,apartamentowiec
"900000,0",Sadyba,2,"80,13",,wtórny,,,apartamentowiec
"489000,0",Sadyba,2,48,,wtórny,do zamieszkania,spółdzielcze własnościowe,blok
"399000,0",Sadyba,7,"36,8",1970,wtórny,do zamieszkania,spółdzielcze wł. z KW,blok
"3700000,0",Saska Kępa,2,"120,5",2018,pierwotny,,pełna własność,apartamentowiec
"1540000,0",Saska Kępa,3,101,2008,wtórny,do zamieszkania,pełna własność,apartamentowiec
"1299000,0",Saska Kępa,2,130,1997,wtórny,do zamieszkania,spółdzielcze wł. z KW,
"1100000,0",Saska Kępa,3,73,2007,wtórny,do zamieszkania,pełna własność,apartamentowiec
"1099000,0",Saska Kępa,2,68,1938,wtórny,do zamieszkania,pełna własność,kamienica
"790500,0",Saska Kępa,1,51,1930,wtórny,do zamieszkania,pełna własność,kamienica
"790000,0",Saska Kępa,1,"52,5",1937,wtórny,do zamieszkania,pełna własność,kamienica
"699000,0",Saska Kępa,parter,"57,5",2018,wtórny,do zamieszkania,pełna własność,apartamentowiec
"699000,0",Saska Kępa,parter,"57,5",2018,wtórny,,pełna własność,
"610000,0",Saska Kępa,1,"62,5",1960,wtórny,do zamieszkania,pełna własność,blok
"579000,0",Saska Kępa,2,"58,03",1957,wtórny,,pełna własność,kamienica
"550000,0",Saska Kępa,9,49,1965,wtórny,do zamieszkania,pełna własność,blok
"509000,0",Saska Kępa,9,"51,1",1980,wtórny,do zamieszkania,pełna własność,blok
"479000,0",Saska Kępa,4,50,1970,wtórny,do zamieszkania,spółdzielcze wł. z KW,blok
"459000,0",Saska Kępa,2,"36,55",,wtórny,do zamieszkania,pełna własność,blok
"449999,0",Saska Kępa,3,"46,3",1974,wtórny,,,blok
"449000,0",Saska Kępa,6,49,,wtórny,do zamieszkania,pełna własność,blok
"430000,0",Saska Kępa,parter,"48,5",1970,wtórny,,,
"399000,0",Saska Kępa,parter,38,1976,wtórny,do zamieszkania,pełna własność,blok
"370000,0",Saska Kępa,2,"38,5",1982,wtórny,do remontu,spółdzielcze wł. z KW,blok
"539250,0",Siekierki,1,43,2012,wtórny,do zamieszkania,,blok
"829000,0",Sielce,4,"73,1",2007,wtórny,do zamieszkania,pełna własność,apartamentowiec
"790000,0",Sielce,2,"72,69",2008,wtórny,do zamieszkania,pełna własność,apartamentowiec
"770000,0",Sielce,2,"78,5",2018,wtórny,do wykończenia,spółdzielcze własnościowe,apartamentowiec
"495000,0",Sielce,3,"49,7",1938,wtórny,do wykończenia,pełna własność,kamienica
"360000,0",Sielce,3,"36,5",1962,wtórny,do remontu,pełna własność,blok
"615000,0",Skorosze,4,"85,6",2004,wtórny,do zamieszkania,pełna własność,
"599000,0",Skorosze,7,"70,5",2009,wtórny,do zamieszkania,pełna własność,apartamentowiec
"589000,0",Skorosze,6,"60,4",2012,wtórny,do zamieszkania,,blok
"560000,0",Skorosze,6,66,2002,wtórny,do zamieszkania,pełna własność,blok
"511475,0",Skorosze,4,63,2004,wtórny,do zamieszkania,pełna własność,blok
"510000,0",Skorosze,1,55,2013,wtórny,do zamieszkania,pełna własność,blok
"509000,0",Skorosze,4,63,2004,wtórny,do zamieszkania,pełna własność,blok
"465000,0",Skorosze,4,50,2013,wtórny,,pełna własność,apartamentowiec
"448000,0",Skorosze,2,"45,2",2013,wtórny,do zamieszkania,pełna własność,blok
"440000,0",Skorosze,6,"55,66",2006,wtórny,,pełna własność,apartamentowiec
"375000,0",Skorosze,2,54,,wtórny,do zamieszkania,spółdzielcze wł. z KW,
"375000,0",Skorosze,4,"56,53",2001,wtórny,,pełna własność,blok
"355000,0",Skorosze,parter,"41,5",2004,wtórny,do zamieszkania,pełna własność,apartamentowiec
"455000,0",Słodowiec,10,"56,6",1970,wtórny,,spółdzielcze własnościowe,blok
"379000,0",Słodowiec,parter,50,1961,wtórny,do zamieszkania,pełna własność,blok
"565000,0",Służew,7,59,1980,wtórny,do zamieszkania,spółdzielcze wł. z KW,blok
"319000,0",Służew,3,34,1976,wtórny,do remontu,spółdzielcze własnościowe,blok
"1297000,0",Służewiec,3,89,2014,wtórny,do zamieszkania,,apartamentowiec
"790000,0",Służewiec,1,"65,77",2016,wtórny,do zamieszkania,,apartamentowiec
"495000,0",Służewiec,7,48,2006,wtórny,,,blok
"438000,0",Służewiec,6,37,2018,wtórny,,pełna własność,apartamentowiec
"264000,0",Służewiec,2,"29,25",,wtórny,do wykończenia,,apartamentowiec
"685000,0",Stara Ochota,3,"57,5",1950,wtórny,,,kamienica
"685000,0",Stara Ochota,3,57,1954,wtórny,do zamieszkania,pełna własność,kamienica
"590000,0",Stara Ochota,2,55,1936,wtórny,do zamieszkania,pełna własność,kamienica
"550000,0",Stara Ochota,4,50,1950,wtórny,do zamieszkania,pełna własność,kamienica
"515000,0",Stara Ochota,1,50,1953,wtórny,do zamieszkania,pełna własność,kamienica
"479000,0",Stara Ochota,2,53,1952,wtórny,,,kamienica
"471000,0",Stara Ochota,3,"55,3",1955,wtórny,do remontu,pełna własność,kamienica
"405000,0",Stara Ochota,1,"39,5",1965,wtórny,do remontu,spółdzielcze wł. z KW,blok
"377000,0",Stara Ochota,> 10,37,1968,wtórny,,pełna własność,
"1980000,0",Stare Bielany,,150,1926,wtórny,do zamieszkania,pełna własność,szeregowiec
"475000,0",Stare Bielany,10,47,1969,wtórny,do zamieszkania,pełna własność,blok
"619500,0",Stare Włochy,2,69,2003,wtórny,do zamieszkania,pełna własność,blok
"529000,0",Stare Włochy,4,"75,6",1991,wtórny,do zamieszkania,spółdzielcze wł. z KW,blok
"483840,0",Stare Włochy,parter,64,1930,wtórny,,udział,kamienica
"440000,0",Stare Włochy,3,50,,wtórny,do remontu,,kamienica
"330000,0",Stary Rembertów,parter,42,2009,wtórny,do zamieszkania,pełna własność,kamienica
"1700000,0",Stary Żoliborz,1,105,1938,wtórny,,pełna własność,kamienica
"920000,0",Stary Żoliborz,2,80,2009,wtórny,do zamieszkania,pełna własność,apartamentowiec
"590000,0",Stary Żoliborz,1,"48,85",1936,wtórny,do zamieszkania,spółdzielcze wł. z KW,kamienica
"410000,0",Stary Żoliborz,parter,39,1918,wtórny,do zamieszkania,pełna własność,kamienica
"1160000,0",Stegny,3,122,2008,wtórny,,pełna własność,apartamentowiec
"1054793,0",Stegny,2,"96,77",2009,wtórny,do wykończenia,pełna własność,apartamentowiec
"430000,0",Stegny,4,"63,7",1974,wtórny,do wykończenia,spółdzielcze wł. z KW,blok
"464000,0",Stokłosy,4,49,,wtórny,,,
"1239000,0",Szczęśliwice,3,105,2020,pierwotny,do wykończenia,pełna własność,apartamentowiec
"1160000,0",Szczęśliwice,1,129,2002,wtórny,,,apartamentowiec
"1000000,0",Szczęśliwice,2,"98,43",2009,wtórny,,pełna własność,blok
"650000,0",Szczęśliwice,parter,63,1992,wtórny,,pełna własność,apartamentowiec
"560000,0",Szczęśliwice,,54,,wtórny,,,
"450000,0",Szczęśliwice,3,62,1980,wtórny,,spółdzielcze własnościowe,blok
"390000,0",Szczęśliwice,1,40,1970,wtórny,,,blok
"350000,0",Szczęśliwice,1,"35,08",1960,wtórny,do remontu,,blok
"2650000,0",Szmulowizna,5,"146,06",2015,wtórny,do zamieszkania,pełna własność,apartamentowiec
"373000,0",Szmulowizna,3,34,2018,wtórny,do zamieszkania,pełna własność,kamienica
"7122150,0",Śródmieście,,"178,5",,pierwotny,do zamieszkania,,
"6900000,0",Śródmieście,5,240,1914,wtórny,,pełna własność,kamienica
"6800000,0",Śródmieście,3,"202,77",2008,wtórny,,,
"6800000,0",Śródmieście,3,"195,36",2008,wtórny,,pełna własność,apartamentowiec
"6600000,0",Śródmieście,> 10,"163,3",2015,wtórny,,,
"5904820,0",Śródmieście,,"155,8",,pierwotny,do zamieszkania,,
"5800000,0",Śródmieście,> 10,165,2015,wtórny,,pełna własność,
"5520000,0",Śródmieście,> 10,"172,4",,pierwotny,,pełna własność,apartamentowiec
"5290000,0",Śródmieście,> 10,133,2017,pierwotny,do zamieszkania,pełna własność,apartamentowiec
"5000000,0",Śródmieście,3,147,1901,wtórny,,pełna własność,kamienica
"5000000,0",Śródmieście,> 10,303,2004,wtórny,,pełna własność,blok
"4500000,0",Śródmieście,> 10,122,,wtórny,,,apartamentowiec
"4480000,0",Śródmieście,6,212,2017,wtórny,,,apartamentowiec
"4290000,0",Śródmieście,> 10,99,2017,pierwotny,do zamieszkania,pełna własność,apartamentowiec
"4102280,0",Śródmieście,,"137,2",,pierwotny,,,
"3880000,0",Śródmieście,4,"120,16",2010,wtórny,,pełna własność,apartamentowiec
"3550000,0",Śródmieście,4,135,2017,wtórny,do zamieszkania,pełna własność,apartamentowiec
"3500000,0",Śródmieście,2,126,2014,wtórny,do zamieszkania,pełna własność,
"3450000,0",Śródmieście,> 10,85,2017,wtórny,do zamieszkania,pełna własność,apartamentowiec
"3166508,0",Śródmieście,> 10,"95,7",,pierwotny,,pełna własność,apartamentowiec
"3107060,0",Śródmieście,,"97,4",,pierwotny,,,apartamentowiec
"2999000,0",Śródmieście,> 10,"76,1",2017,wtórny,do zamieszkania,pełna własność,apartamentowiec
"2990000,0",Śródmieście,1,"126,3",2019,wtórny,,,apartamentowiec
"2990000,0",Śródmieście,1,"126,3",2019,wtórny,,,apartamentowiec
"2950000,0",Śródmieście,5,132,1925,wtórny,,,kamienica
"2850000,0",Śródmieście,3,108,2013,wtórny,,pełna własność,apartamentowiec
"2850000,0",Śródmieście,7,107,1920,wtórny,do zamieszkania,pełna własność,kamienica
"2839500,0",Śródmieście,> 10,"63,1",,pierwotny,,pełna własność,apartamentowiec
"2599000,0",Śródmieście,4,"176,19",1895,wtórny,,pełna własność,kamienica
"2480000,0",Śródmieście,1,"130,1",,wtórny,do remontu,,apartamentowiec
"2200000,0",Śródmieście,5,117,2010,wtórny,,pełna własność,
"2150000,0",Śródmieście,2,90,,wtórny,,,apartamentowiec
"2150000,0",Śródmieście,2,"96,9",2009,wtórny,do zamieszkania,pełna własność,apartamentowiec
"2150000,0",Śródmieście,4,120,2009,wtórny,,pełna własność,apartamentowiec
"2100000,0",Śródmieście,4,115,1912,wtórny,do remontu,pełna własność,kamienica
"1830000,0",Śródmieście,5,"110,8",2008,wtórny,,pełna własność,apartamentowiec
"1800000,0",Śródmieście,4,71,,wtórny,,,kamienica
"1800000,0",Śródmieście,,143,1954,wtórny,,pełna własność,kamienica
"1660000,0",Śródmieście,6,"66,4",,wtórny,,,apartamentowiec
"1600000,0",Śródmieście,2,98,1913,wtórny,,pełna własność,kamienica
"1597000,0",Śródmieście,3,110,2007,wtórny,do zamieszkania,pełna własność,apartamentowiec
"1560000,0",Śródmieście,3,"104,87",1970,wtórny,,,
"1550000,0",Śródmieście,3,"83,36",2018,pierwotny,do wykończenia,pełna własność,kamienica
"1550000,0",Śródmieście,1,"121,3",1913,wtórny,do wykończenia,pełna własność,kamienica
"1400000,0",Śródmieście,5,"85,59",1938,wtórny,do zamieszkania,,kamienica
"1390000,0",Śródmieście,7,147,2000,wtórny,do zamieszkania,pełna własność,apartamentowiec
"1334000,0",Śródmieście,3,112,1948,wtórny,do zamieszkania,pełna własność,kamienica
"1250000,0",Śródmieście,,"87,15",1935,wtórny,,pełna własność,
"1220000,0",Śródmieście,8,"74,11",2016,wtórny,,,apartamentowiec
"1219000,0",Śródmieście,4,46,2009,wtórny,,pełna własność,
"1150000,0",Śródmieście,,63,2001,wtórny,do zamieszkania,spółdzielcze własnościowe,blok
"1150000,0",Śródmieście,1,109,1927,wtórny,do remontu,pełna własność,kamienica
"1130000,0",Śródmieście,parter,84,1920,wtórny,,pełna własność,kamienica
"1120000,0",Śródmieście,3,"79,3",1956,wtórny,do remontu,pełna własność,kamienica
"1100000,0",Śródmieście,2,74,1930,wtórny,do zamieszkania,pełna własność,kamienica
"1050000,0",Śródmieście,3,"75,51",,wtórny,do zamieszkania,pełna własność,kamienica
"999000,0",Śródmieście,3,82,1954,wtórny,,pełna własność,kamienica
"990000,0",Śródmieście,4,"93,5",2001,wtórny,do zamieszkania,pełna własność,apartamentowiec
"990000,0",Śródmieście,2,"63,37",2018,wtórny,do wykończenia,pełna własność,apartamentowiec
"990000,0",Śródmieście,4,126,1998,wtórny,do zamieszkania,pełna własność,
"990000,0",Śródmieście,,60,,wtórny,,pełna własność,
"949000,0",Śródmieście,1,101,,wtórny,do wykończenia,pełna własność,kamienica
"920000,0",Śródmieście,1,"95,9",1999,wtórny,do zamieszkania,spółdzielcze wł. z KW,blok
"899000,0",Śródmieście,10,71,2006,wtórny,do zamieszkania,pełna własność,apartamentowiec
"882000,0",Śródmieście,9,"97,2",2000,wtórny,do zamieszkania,spółdzielcze wł. z KW,apartamentowiec
"879000,0",Śródmieście,3,67,1911,wtórny,do remontu,pełna własność,kamienica
"865000,0",Śródmieście,9,61,1960,wtórny,do zamieszkania,pełna własność,kamienica
"865000,0",Śródmieście,9,61,1966,wtórny,do zamieszkania,pełna własność,blok
"850000,0",Śródmieście,parter,64,1917,wtórny,do zamieszkania,pełna własność,kamienica
"828000,0",Śródmieście,1,72,1959,wtórny,do remontu,spółdzielcze wł. z KW,
"825000,0",Śródmieście,8,59,2018,wtórny,do zamieszkania,pełna własność,apartamentowiec
"819000,0",Śródmieście,3,63,1911,wtórny,do remontu,pełna własność,kamienica
"800000,0",Śródmieście,2,53,1950,wtórny,do remontu,pełna własność,kamienica
"799000,0",Śródmieście,3,"73,9",1916,wtórny,do zamieszkania,pełna własność,kamienica
"799000,0",Śródmieście,4,63,1939,wtórny,do remontu,pełna własność,kamienica
"790000,0",Śródmieście,2,"76,4",1991,wtórny,,,
"768600,0",Śródmieście,6,61,1937,wtórny,,pełna własność,kamienica
"760000,0",Śródmieście,,"47,5",7,wtórny,,pełna własność,
"750000,0",Śródmieście,4,"58,72",1952,wtórny,do remontu,pełna własność,kamienica
"735000,0",Śródmieście,1,53,1960,wtórny,do zamieszkania,pełna własność,blok
"730000,0",Śródmieście,4,55,1956,wtórny,do zamieszkania,pełna własność,kamienica
"719000,0",Śródmieście,5,"64,25",2019,pierwotny,do wykończenia,pełna własność,apartamentowiec
"719000,0",Śródmieście,2,"44,5",,wtórny,do zamieszkania,pełna własność,kamienica
"700000,0",Śródmieście,4,"64,32",1931,wtórny,do remontu,pełna własność,kamienica
"682500,0",Śródmieście,3,44,1937,wtórny,do zamieszkania,pełna własność,kamienica
"680000,0",Śródmieście,3,"37,09",2006,wtórny,do zamieszkania,,blok
"679000,0",Śródmieście,6,"48,21",2010,wtórny,do zamieszkania,pełna własność,apartamentowiec
"675000,0",Śródmieście,1,52,1950,wtórny,do remontu,pełna własność,kamienica
"669000,0",Śródmieście,3,50,1955,wtórny,do zamieszkania,pełna własność,kamienica
"620000,0",Śródmieście,> 10,"57,2",1970,wtórny,do zamieszkania,spółdzielcze własnościowe,blok
"600000,0",Śródmieście,3,50,,wtórny,do zamieszkania,,kamienica
"599000,0",Śródmieście,4,34,1950,wtórny,do zamieszkania,pełna własność,kamienica
"585000,0",Śródmieście,2,55,2008,wtórny,,pełna własność,apartamentowiec
"545000,0",Śródmieście,parter,52,1950,wtórny,do zamieszkania,pełna własność,kamienica
"525000,0",Śródmieście,2,50,1962,wtórny,do remontu,pełna własność,kamienica
"499000,0",Śródmieście,3,34,,wtórny,do zamieszkania,pełna własność,kamienica
"470000,0",Śródmieście,4,51,1963,wtórny,,spółdzielcze wł. z KW,blok
"459000,0",Śródmieście,parter,36,,wtórny,do zamieszkania,pełna własność,kamienica
"450000,0",Śródmieście,3,44,1892,wtórny,do remontu,pełna własność,kamienica
"440000,0",Śródmieście,2,36,1960,wtórny,do zamieszkania,pełna własność,blok
"440000,0",Śródmieście,1,29,1954,wtórny,do zamieszkania,spółdzielcze wł. z KW,kamienica
"425000,0",Śródmieście,3,"32,58",1938,wtórny,,pełna własność,kamienica
"400000,0",Śródmieście,8,21,,wtórny,do zamieszkania,pełna własność,blok
"399900,0",Śródmieście,3,26,,wtórny,do zamieszkania,,kamienica
"399900,0",Śródmieście,4,40,,wtórny,do zamieszkania,pełna własność,blok
"398000,0",Śródmieście,> 10,"39,5",1971,wtórny,do remontu,spółdzielcze własnościowe,blok
"379000,0",Śródmieście,9,"28,1",1968,wtórny,do zamieszkania,pełna własność,blok
"370000,0",Śródmieście,6,28,1970,wtórny,do zamieszkania,spółdzielcze własnościowe,blok
"315000,0",Śródmieście,4,24,,wtórny,do zamieszkania,spółdzielcze wł. z KW,blok
"1250000,0",Śródmieście Południowe,4,"77,3",1956,wtórny,,,kamienica
"1150000,0",Śródmieście Południowe,5,"80,26",1910,wtórny,do wykończenia,pełna własność,kamienica
"1097000,0",Śródmieście Południowe,5,82,1950,wtórny,do zamieszkania,pełna własność,kamienica
"1092000,0",Śródmieście Południowe,3,78,1958,wtórny,do zamieszkania,pełna własność,kamienica
"779000,0",Śródmieście Południowe,2,43,1930,wtórny,do zamieszkania,pełna własność,kamienica
"695000,0",Śródmieście Południowe,parter,"50,31",1937,wtórny,do remontu,pełna własność,kamienica
"695000,0",Śródmieście Południowe,parter,"50,51",1937,wtórny,,,kamienica
"651000,0",Śródmieście Południowe,suterena,"38,3",1920,wtórny,do zamieszkania,pełna własność,kamienica
"628000,0",Śródmieście Południowe,3,47,,wtórny,do zamieszkania,pełna własność,kamienica
"419900,0",Śródmieście Południowe,1,24,,wtórny,do zamieszkania,pełna własność,kamienica
"419000,0",Śródmieście Południowe,1,"37,7",,wtórny,do zamieszkania,pełna własność,blok
"1635000,0",Śródmieście Północne,2,82,1951,wtórny,do wykończenia,pełna własność,kamienica
"1400000,0",Śródmieście Północne,3,84,1960,wtórny,do zamieszkania,spółdzielcze wł. z KW,blok
"759900,0",Śródmieście Północne,3,49,1956,wtórny,do zamieszkania,pełna własność,kamienica
"525000,0",Śródmieście Północne,1,"45,35",1950,wtórny,do zamieszkania,pełna własność,kamienica
"330000,0",Śródmieście Północne,9,"28,8",1967,wtórny,do zamieszkania,pełna własność,blok
"535000,0",Tarchomin,3,"68,87",2010,wtórny,do zamieszkania,pełna własność,blok
"457301,4",Tarchomin,3,"60,33",2020,pierwotny,,,blok
"425000,0",Tarchomin,parter,"54,3",2005,wtórny,do zamieszkania,spółdzielcze wł. z KW,blok
"413644,8",Tarchomin,3,"53,86",2020,pierwotny,,,blok
"399000,0",Tarchomin,1,"61,2",2002,wtórny,,pełna własność,blok
"384000,0",Tarchomin,2,56,2009,wtórny,,,blok
"381646,2",Tarchomin,1,"58,76",2019,pierwotny,do wykończenia,pełna własność,blok
"368000,0",Tarchomin,,52,,pierwotny,,,
"363648,6",Tarchomin,4,"45,57",2020,pierwotny,,,blok
"357000,0",Tarchomin,1,52,2020,pierwotny,do wykończenia,pełna własność,blok
"315180,0",Tarchomin,3,"46,35",2020,pierwotny,,pełna własność,
"310000,0",Tarchomin,1,49,,pierwotny,,pełna własność,apartamentowiec
"301363,2",Tarchomin,parter,"39,24",2020,pierwotny,,,blok
"299000,0",Tarchomin,3,"39,9",2000,wtórny,do remontu,pełna własność,blok
"291462,0",Tarchomin,1,"47,01",2020,pierwotny,do wykończenia,,apartamentowiec
"270891,0",Tarchomin,1,"42,66",2019,pierwotny,do wykończenia,pełna własność,blok
"269000,0",Tarchomin,parter,35,2006,wtórny,do zamieszkania,pełna własność,blok
"265000,0",Tarchomin,parter,"32,08",2003,wtórny,do zamieszkania,pełna własność,blok
"254200,0",Tarchomin,,41,2021,pierwotny,do wykończenia,pełna własność,blok
"229000,0",Tarchomin,,31,,pierwotny,,,
"222780,0",Tarchomin,parter,"30,22",2020,pierwotny,do wykończenia,pełna własność,blok
"222000,0",Tarchomin,parter,30,2020,pierwotny,do wykończenia,pełna własność,blok
"199900,0",Tarchomin,4,25,2001,wtórny,do zamieszkania,pełna własność,blok
"898000,0",Targówek,1,"104,08",2001,wtórny,do zamieszkania,spółdzielcze własnościowe,apartamentowiec
"660000,0",Targówek,2,75,2008,wtórny,do zamieszkania,pełna własność,apartamentowiec
"620000,0",Targówek,3,72,2007,wtórny,do zamieszkania,pełna własność,blok
"552000,0",Targówek,parter,"60,19",2009,wtórny,do zamieszkania,pełna własność,blok
"524000,0",Targówek,1,69,2019,pierwotny,do wykończenia,pełna własność,blok
"499000,0",Targówek,3,60,2000,wtórny,do zamieszkania,spółdzielcze własnościowe,blok
"490000,0",Targówek,2,100,2008,wtórny,do zamieszkania,pełna własność,apartamentowiec
"415000,0",Targówek,6,"49,4",2002,wtórny,do zamieszkania,pełna własność,blok
"390000,0",Targówek,3,"52,8",1976,wtórny,do zamieszkania,spółdzielcze wł. z KW,blok
"389000,0",Targówek,1,70,2018,wtórny,do wykończenia,pełna własność,blok
"385000,0",Targówek,8,"55,8",1978,wtórny,,,
"349900,0",Targówek,1,47,1970,wtórny,do remontu,pełna własność,blok
"339000,0",Targówek,2,"34,67",,wtórny,do wykończenia,pełna własność,kamienica
"333000,0",Targówek,1,48,2010,wtórny,do zamieszkania,pełna własność,szeregowiec
"325000,0",Targówek,10,"46,1",1973,wtórny,do remontu,spółdzielcze własnościowe,blok
"300000,0",Targówek,2,46,2020,pierwotny,do wykończenia,pełna własność,blok
"839000,0",Targówek Mieszkaniowy,3,83,2015,wtórny,,,blok
"679000,0",Targówek Mieszkaniowy,1,67,2008,wtórny,do zamieszkania,pełna własność,apartamentowiec
"539000,0",Targówek Mieszkaniowy,7,"60,5",1972,wtórny,do zamieszkania,spółdzielcze wł. z KW,blok
"450000,0",Targówek Mieszkaniowy,1,"60,8",1980,wtórny,do zamieszkania,spółdzielcze własnościowe,blok
"425000,0",Targówek Mieszkaniowy,4,46,1977,wtórny,do zamieszkania,spółdzielcze wł. z KW,blok
"420000,0",Targówek Mieszkaniowy,7,54,1975,wtórny,do zamieszkania,pełna własność,blok
"375000,0",Targówek Mieszkaniowy,1,46,1980,wtórny,do zamieszkania,spółdzielcze własnościowe,blok
"1330000,0",Ursus,,"134,4",,wtórny,,,
"750000,0",Ursus,3,"95,1",2010,wtórny,do zamieszkania,pełna własność,blok
"670000,0",Ursus,1,"79,5",2006,wtórny,do zamieszkania,pełna własność,blok
"640000,0",Ursus,1,"74,2",1998,wtórny,do zamieszkania,pełna własność,blok
"630000,0",Ursus,parter,70,2010,wtórny,do zamieszkania,pełna własność,blok
"590000,0",Ursus,2,"70,28",2013,wtórny,do zamieszkania,pełna własność,dom wolnostojący
"559000,0",Ursus,6,"58,7",2013,wtórny,do zamieszkania,pełna własność,
"547570,0",Ursus,5,"75,01",2018,pierwotny,do wykończenia,,apartamentowiec
"495000,0",Ursus,1,52,2004,wtórny,do zamieszkania,pełna własność,blok
"485000,0",Ursus,,93,2019,pierwotny,do wykończenia,pełna własność,
"475000,0",Ursus,2,"67,9",2000,wtórny,do zamieszkania,pełna własność,blok
"467200,0",Ursus,7,"63,92",2018,pierwotny,do wykończenia,,apartamentowiec
"435000,0",Ursus,1,"42,13",2018,wtórny,do zamieszkania,pełna własność,blok
"415000,0",Ursus,5,40,2018,pierwotny,do zamieszkania,pełna własność,blok
"399000,0",Ursus,4,54,2001,wtórny,do zamieszkania,pełna własność,blok
"387000,0",Ursus,1,46,2000,wtórny,,pełna własność,blok
"351000,0",Ursus,3,"40,6",2018,wtórny,,pełna własność,blok
"329990,0",Ursus,parter,"37,2",1965,wtórny,do zamieszkania,spółdzielcze własnościowe,blok
"305000,0",Ursus,4,"37,17",1975,wtórny,do zamieszkania,spółdzielcze wł. z KW,blok
"232000,0",Ursus,2,"28,04",2020,pierwotny,do wykończenia,pełna własność,blok
"223000,0",Ursus,3,"28,04",2020,wtórny,do wykończenia,pełna własność,blok
"179000,0",Ursus,2,32,2002,wtórny,do zamieszkania,udział,apartamentowiec
"4062500,0",Ursynów,1,1625,2008,wtórny,,,blok
"1740000,0",Ursynów,2,171,2000,wtórny,do zamieszkania,pełna własność,blok
"1442200,0",Ursynów,1,"145,66",2010,wtórny,,pełna własność,apartamentowiec
"1260000,0",Ursynów,5,"117,12",2003,wtórny,do zamieszkania,pełna własność,apartamentowiec
"1164900,0",Ursynów,4,140,2000,wtórny,do zamieszkania,,apartamentowiec
"1110000,0",Ursynów,9,80,2010,wtórny,do zamieszkania,spółdzielcze wł. z KW,apartamentowiec
"1099000,0",Ursynów,3,"163,43",2009,wtórny,do zamieszkania,pełna własność,apartamentowiec
"1080000,0",Ursynów,1,"124,9",2000,wtórny,do zamieszkania,pełna własność,apartamentowiec
"990000,0",Ursynów,5,81,2012,wtórny,do zamieszkania,spółdzielcze własnościowe,apartamentowiec
"990000,0",Ursynów,> 10,84,2012,wtórny,do zamieszkania,,blok
"890000,0",Ursynów,4,92,2007,wtórny,do remontu,pełna własność,blok
"799000,0",Ursynów,parter,"112,8",2003,wtórny,do zamieszkania,pełna własność,blok
"799000,0",Ursynów,1,80,2005,wtórny,,,apartamentowiec
"705000,0",Ursynów,5,"76,3",1998,wtórny,,spółdzielcze własnościowe,blok
"700000,0",Ursynów,3,"93,71",1997,wtórny,do zamieszkania,spółdzielcze wł. z KW,blok
"695000,0",Ursynów,6,"58,45",2006,wtórny,,,apartamentowiec
"695000,0",Ursynów,6,"58,24",2006,pierwotny,do zamieszkania,pełna własność,blok
"690000,0",Ursynów,1,"90,4",1996,wtórny,do zamieszkania,spółdzielcze własnościowe,blok
"679000,0",Ursynów,3,"72,05",1994,wtórny,do zamieszkania,spółdzielcze własnościowe,blok
"660000,0",Ursynów,10,68,2015,wtórny,do zamieszkania,,apartamentowiec
"600000,0",Ursynów,2,"57,14",2002,wtórny,do zamieszkania,pełna własność,apartamentowiec
"599000,0",Ursynów,9,63,1981,wtórny,do zamieszkania,spółdzielcze wł. z KW,blok
"598000,0",Ursynów,3,68,1986,wtórny,do zamieszkania,spółdzielcze wł. z KW,blok
"595000,0",Ursynów,7,"69,1",1977,wtórny,do zamieszkania,spółdzielcze wł. z KW,blok
"590000,0",Ursynów,4,"63,5",1984,wtórny,do zamieszkania,spółdzielcze wł. z KW,blok
"590000,0",Ursynów,> 10,"61,2",2001,wtórny,do zamieszkania,spółdzielcze wł. z KW,blok
"590000,0",Ursynów,4,"63,5",,wtórny,do zamieszkania,spółdzielcze wł. z KW,blok
"590000,0",Ursynów,1,64,1992,wtórny,do zamieszkania,spółdzielcze wł. z KW,blok
"583000,0",Ursynów,9,63,1981,wtórny,do zamieszkania,spółdzielcze wł. z KW,blok
"570000,0",Ursynów,2,"63,9",1985,wtórny,do zamieszkania,spółdzielcze własnościowe,blok
"557000,0",Ursynów,6,45,2018,wtórny,do zamieszkania,pełna własność,blok
"555000,0",Ursynów,1,"63,5",1990,wtórny,do wykończenia,spółdzielcze wł. z KW,blok
"550000,0",Ursynów,2,"50,1",2005,wtórny,do zamieszkania,pełna własność,blok
"530000,0",Ursynów,3,"63,5",1994,pierwotny,do zamieszkania,spółdzielcze własnościowe,blok
"515000,0",Ursynów,4,47,2007,wtórny,,pełna własność,blok
"495000,0",Ursynów,9,"52,8",1981,wtórny,do zamieszkania,spółdzielcze wł. z KW,blok
"490000,0",Ursynów,3,70,1985,wtórny,do zamieszkania,spółdzielcze własnościowe,blok
"489000,0",Ursynów,3,54,1980,wtórny,,pełna własność,blok
"477000,0",Ursynów,3,"60,2",1979,wtórny,do remontu,spółdzielcze własnościowe,blok
"473000,0",Ursynów,5,"41,7",2018,wtórny,do zamieszkania,pełna własność,apartamentowiec
"470000,0",Ursynów,1,"59,13",1982,wtórny,do remontu,spółdzielcze własnościowe,blok
"450000,0",Ursynów,3,"52,91",1982,wtórny,,spółdzielcze własnościowe,blok
"450000,0",Ursynów,2,48,,wtórny,do zamieszkania,,blok
"445000,0",Ursynów,parter,56,1981,wtórny,do zamieszkania,spółdzielcze wł. z KW,blok
"440000,0",Ursynów,1,48,1970,wtórny,,spółdzielcze wł. z KW,blok
"415000,0",Ursynów,1,"46,4",2019,wtórny,do wykończenia,udział,apartamentowiec
"350000,0",Ursynów,10,30,,wtórny,do zamieszkania,pełna własność,blok
"344000,0",Ursynów,2,31,1976,wtórny,,spółdzielcze wł. z KW,blok
"330000,0",Ursynów,parter,"39,62",2020,pierwotny,do wykończenia,pełna własność,blok
"305000,0",Ursynów,parter,"33,91",2019,wtórny,do wykończenia,pełna własność,blok
"305000,0",Ursynów,parter,"33,91",2019,pierwotny,,pełna własność,blok
"288000,0",Ursynów,1,"31,05",2020,wtórny,do wykończenia,pełna własność,blok
"288000,0",Ursynów,2,"31,05",2020,pierwotny,,pełna własność,blok
"272000,0",Ursynów,1,"29,25",2020,pierwotny,,pełna własność,blok
"870000,0",Wawer,parter,"98,34",2004,wtórny,do zamieszkania,pełna własność,szeregowiec
"799000,0",Wawer,1,"131,89",,pierwotny,,pełna własność,apartamentowiec
"777000,0",Wawer,parter,"122,6",2019,pierwotny,do wykończenia,pełna własność,apartamentowiec
"679566,0",Wawer,1,"113,28",2018,pierwotny,do wykończenia,pełna własność,szeregowiec
"647595,0",Wawer,1,"99,63",,pierwotny,,,szeregowiec
"598845,0",Wawer,1,"92,13",2018,pierwotny,do wykończenia,pełna własność,szeregowiec
"585845,0",Wawer,1,"90,13",2018,pierwotny,do wykończenia,pełna własność,szeregowiec
"511160,0",Wawer,1,"78,64",2018,pierwotny,do wykończenia,pełna własność,szeregowiec
"499000,0",Wawer,parter,60,2016,wtórny,do zamieszkania,,
"498000,0",Wawer,2,72,2006,wtórny,do zamieszkania,pełna własność,kamienica
"456495,0",Wawer,1,"70,23",2018,pierwotny,do wykończenia,pełna własność,szeregowiec
"420000,0",Wawer,1,70,2017,pierwotny,do wykończenia,,dom wolnostojący
"413208,0",Wawer,,"57,39",,pierwotny,,pełna własność,apartamentowiec
"380000,0",Wawer,1,72,2019,pierwotny,do wykończenia,pełna własność,
"380000,0",Wawer,1,64,2018,pierwotny,do wykończenia,pełna własność,szeregowiec
"380000,0",Wawer,1,75,2018,pierwotny,do wykończenia,pełna własność,
"369000,0",Wawer,1,105,2020,pierwotny,do wykończenia,pełna własność,
"359000,0",Wawer,parter,70,2020,pierwotny,do wykończenia,pełna własność,
"329000,0",Wawer,4,40,2002,wtórny,do remontu,pełna własność,blok
"224000,0",Wawer,parter,26,,wtórny,do zamieszkania,spółdzielcze wł. z KW,blok
"315000,0",Wawrzyszew,4,38,1968,wtórny,do zamieszkania,pełna własność,blok
"499300,0",Wesoła,1,"67,12",2019,pierwotny,do wykończenia,pełna własność,
"440000,0",Wesoła,3,70,2005,wtórny,do zamieszkania,pełna własność,szeregowiec
"385000,0",Wesoła,parter,"55,3",2001,wtórny,do zamieszkania,pełna własność,blok
"364000,0",Wierzbno,9,"38,3",1971,wtórny,do remontu,spółdzielcze własnościowe,blok
"2950000,0",Wilanów,4,"153,78",2016,wtórny,do zamieszkania,pełna własność,apartamentowiec
"2299000,0",Wilanów,4,"177,8",2007,wtórny,,,
"1950000,0",Wilanów,2,203,2001,wtórny,,pełna własność,dom wolnostojący
"1690000,0",Wilanów,4,135,2017,wtórny,do wykończenia,pełna własność,blok
"1660000,0",Wilanów,1,151,2008,wtórny,,,apartamentowiec
"1580500,0",Wilanów,3,"112,32",2018,wtórny,do zamieszkania,pełna własność,apartamentowiec
"1477000,0",Wilanów,,105,2008,wtórny,do zamieszkania,,apartamentowiec
"1465000,0",Wilanów,1,128,2007,wtórny,,,apartamentowiec
"1400000,0",Wilanów,1,"129,29",2011,wtórny,,pełna własność,
"1399000,0",Wilanów,2,"111,3",2017,wtórny,do zamieszkania,pełna własność,apartamentowiec
"1250000,0",Wilanów,3,148,1999,wtórny,do zamieszkania,pełna własność,apartamentowiec
"1195000,0",Wilanów,3,104,2009,wtórny,do zamieszkania,pełna własność,blok
"1130000,0",Wilanów,1,"137,3",2006,wtórny,do zamieszkania,pełna własność,apartamentowiec
"1126000,0",Wilanów,1,"137,3",2006,wtórny,do zamieszkania,pełna własność,apartamentowiec
"1100000,0",Wilanów,3,94,2010,wtórny,do zamieszkania,pełna własność,blok
"1100000,0",Wilanów,4,"99,78",2007,wtórny,,pełna własność,apartamentowiec
"1100000,0",Wilanów,parter,105,2007,wtórny,do zamieszkania,pełna własność,blok
"1100000,0",Wilanów,4,92,2012,wtórny,do zamieszkania,,apartamentowiec
"1050000,0",Wilanów,2,"88,23",2013,wtórny,,pełna własność,apartamentowiec
"1035000,0",Wilanów,3,94,2017,wtórny,do zamieszkania,pełna własność,blok
"1000000,0",Wilanów,3,99,2011,wtórny,do zamieszkania,pełna własność,apartamentowiec
"999000,0",Wilanów,1,"102,5",2000,wtórny,do zamieszkania,pełna własność,apartamentowiec
"999000,0",Wilanów,3,73,2007,pierwotny,do wykończenia,pełna własność,blok
"997500,0",Wilanów,2,95,2013,wtórny,,pełna własność,
"960000,0",Wilanów,3,"85,63",2020,pierwotny,do wykończenia,,blok
"900000,0",Wilanów,2,"80,8",2017,wtórny,do zamieszkania,pełna własność,apartamentowiec
"895000,0",Wilanów,1,"108,5",1984,wtórny,do zamieszkania,pełna własność,blok
"870000,0",Wilanów,1,73,2012,wtórny,do zamieszkania,pełna własność,apartamentowiec
"852500,0",Wilanów,3,"72,68",2015,wtórny,do zamieszkania,,blok
"849000,0",Wilanów,3,75,2010,wtórny,do zamieszkania,pełna własność,apartamentowiec
"845000,0",Wilanów,3,"72,68",2015,wtórny,do zamieszkania,pełna własność,blok
"800000,0",Wilanów,2,"94,34",2008,wtórny,do zamieszkania,pełna własność,apartamentowiec
"799000,0",Wilanów,parter,73,2009,wtórny,do zamieszkania,pełna własność,apartamentowiec
"785000,0",Wilanów,2,"71,24",2018,wtórny,,,apartamentowiec
"765000,0",Wilanów,parter,80,2013,wtórny,,pełna własność,
"764000,0",Wilanów,1,"56,6",2013,wtórny,do zamieszkania,pełna własność,apartamentowiec
"760000,0",Wilanów,3,62,2007,wtórny,do zamieszkania,pełna własność,blok
"749000,0",Wilanów,4,59,2018,pierwotny,do zamieszkania,,apartamentowiec
"740000,0",Wilanów,3,65,2012,wtórny,do zamieszkania,pełna własność,apartamentowiec
"740000,0",Wilanów,1,"68,47",2009,wtórny,,,apartamentowiec
"738000,0",Wilanów,3,62,2009,wtórny,do zamieszkania,pełna własność,apartamentowiec
"730000,0",Wilanów,2,61,2014,wtórny,do zamieszkania,,blok
"725000,0",Wilanów,2,"62,2",2017,wtórny,do zamieszkania,pełna własność,apartamentowiec
"680000,0",Wilanów,3,"88,57",1995,wtórny,do zamieszkania,pełna własność,blok
"670000,0",Wilanów,parter,60,2012,wtórny,,,apartamentowiec
"619000,0",Wilanów,3,46,2017,wtórny,,,apartamentowiec
"615000,0",Wilanów,3,"50,17",2018,pierwotny,do wykończenia,pełna własność,apartamentowiec
"599000,0",Wilanów,2,60,2016,wtórny,do zamieszkania,pełna własność,blok
"582000,0",Wilanów,3,53,,wtórny,do zamieszkania,,
"575000,0",Wilanów,2,59,2006,wtórny,do zamieszkania,pełna własność,apartamentowiec
"569000,0",Wilanów,1,54,2009,wtórny,,,apartamentowiec
"559000,0",Wilanów,3,44,2018,wtórny,do zamieszkania,pełna własność,apartamentowiec
"546125,0",Wilanów,1,"44,49",2016,wtórny,do zamieszkania,pełna własność,blok
"520000,0",Wilanów,4,"42,51",,wtórny,,,apartamentowiec
"520000,0",Wilanów,4,"62,78",2017,wtórny,,pełna własność,
"520000,0",Wilanów,4,"42,51",2017,wtórny,do zamieszkania,,blok
"510000,0",Wilanów,4,"62,78",2017,wtórny,do wykończenia,pełna własność,apartamentowiec
"500000,0",Wilanów,1,"50,3",2011,wtórny,do zamieszkania,pełna własność,apartamentowiec
"485000,0",Wilanów,3,"50,3",2008,wtórny,do zamieszkania,pełna własność,apartamentowiec
"484000,0",Wilanów,3,50,,wtórny,do zamieszkania,spółdzielcze wł. z KW,
"480000,0",Wilanów,,"61,5",1980,wtórny,do zamieszkania,pełna własność,blok
"409000,0",Wilanów,parter,"49,9",1978,wtórny,do zamieszkania,,blok
"403000,0",Wilanów,9,"49,9",1980,wtórny,do zamieszkania,spółdzielcze wł. z KW,
"849000,0",Włochy,4,100,2015,wtórny,do zamieszkania,pełna własność,apartamentowiec
"720000,0",Włochy,2,80,2011,wtórny,do zamieszkania,pełna własność,apartamentowiec
"555000,0",Włochy,parter,"52,1",2012,wtórny,do zamieszkania,pełna własność,blok
"469000,0",Włochy,parter,"55,7",1937,wtórny,,pełna własność,kamienica
"433500,0",Włochy,2,"62,4",1998,wtórny,do zamieszkania,spółdzielcze wł. z KW,blok
"1621951,0",Wola,parter,133,2018,pierwotny,,pełna własność,apartamentowiec
"1597000,0",Wola,,109,2007,wtórny,,pełna własność,
"1200000,0",Wola,6,84,1992,wtórny,do remontu,pełna własność,blok
"1199000,0",Wola,> 10,80,2021,pierwotny,do wykończenia,pełna własność,apartamentowiec
"1190000,0",Wola,1,"166,37",2017,wtórny,do wykończenia,pełna własność,apartamentowiec
"1160000,0",Wola,7,"99,64",2019,pierwotny,do wykończenia,,apartamentowiec
"1100000,0",Wola,6,86,2016,wtórny,do zamieszkania,pełna własność,blok
"1099000,0",Wola,2,78,2015,wtórny,do zamieszkania,pełna własność,apartamentowiec
"1033200,0",Wola,,63,2015,wtórny,do zamieszkania,pełna własność,apartamentowiec
"986000,0",Wola,2,"78,3",2019,pierwotny,do wykończenia,,apartamentowiec
"986000,0",Wola,2,"78,3",2019,wtórny,,pełna własność,apartamentowiec
"925000,0",Wola,,96,2008,wtórny,do zamieszkania,pełna własność,apartamentowiec
"915000,0",Wola,parter,67,1950,wtórny,do zamieszkania,pełna własność,kamienica
"888000,0",Wola,,96,,pierwotny,,,
"888000,0",Wola,,95,,pierwotny,do wykończenia,pełna własność,apartamentowiec
"860000,0",Wola,,96,,pierwotny,,,
"825000,0",Wola,1,"91,34",1984,wtórny,do zamieszkania,spółdzielcze wł. z KW,blok
"800000,0",Wola,2,53,2019,wtórny,do wykończenia,spółdzielcze wł. z KW,apartamentowiec
"790000,0",Wola,2,"76,66",1938,wtórny,,spółdzielcze wł. z KW,kamienica
"777500,0",Wola,1,55,2018,wtórny,do wykończenia,pełna własność,apartamentowiec
"769000,0",Wola,4,83,2009,wtórny,do zamieszkania,,apartamentowiec
"759000,0",Wola,5,"88,5",2009,wtórny,do zamieszkania,pełna własność,blok
"759000,0",Wola,> 10,70,2004,wtórny,do zamieszkania,pełna własność,apartamentowiec
"753000,0",Wola,,85,,pierwotny,,,
"750000,0",Wola,parter,54,2016,wtórny,do zamieszkania,pełna własność,apartamentowiec
"710000,0",Wola,2,"76,8",2008,wtórny,do zamieszkania,pełna własność,apartamentowiec
"708000,0",Wola,1,59,2005,wtórny,do zamieszkania,pełna własność,apartamentowiec
"699000,0",Wola,> 10,45,2021,pierwotny,do wykończenia,pełna własność,apartamentowiec
"699000,0",Wola,4,68,2018,wtórny,do wykończenia,pełna własność,apartamentowiec
"695000,0",Wola,2,"45,41",2017,wtórny,do zamieszkania,pełna własność,apartamentowiec
"680000,0",Wola,4,75,2012,wtórny,do zamieszkania,pełna własność,apartamentowiec
"660000,0",Wola,,79,,pierwotny,,,
"652000,0",Wola,2,77,2021,pierwotny,do wykończenia,pełna własność,blok
"650000,0",Wola,1,"52,19",2016,wtórny,do zamieszkania,pełna własność,apartamentowiec
"629000,0",Wola,9,58,1977,wtórny,do zamieszkania,pełna własność,blok
"610000,0",Wola,7,39,1998,wtórny,do zamieszkania,,blok
"595000,0",Wola,10,"62,03",1973,wtórny,do zamieszkania,pełna własność,blok
"593600,0",Wola,8,56,1969,wtórny,,pełna własność,blok
"580000,0",Wola,3,50,2010,wtórny,do zamieszkania,pełna własność,apartamentowiec
"565000,0",Wola,1,56,2009,wtórny,do zamieszkania,pełna własność,blok
"565000,0",Wola,5,58,2009,wtórny,do zamieszkania,pełna własność,blok
"554000,0",Wola,,"61,7",,pierwotny,,pełna własność,blok
"549000,0",Wola,2,51,2009,wtórny,,,
"549000,0",Wola,parter,57,2008,wtórny,,pełna własność,blok
"549000,0",Wola,3,"56,87",2018,wtórny,do wykończenia,pełna własność,apartamentowiec
"546995,0",Wola,4,"35,29",2016,pierwotny,do zamieszkania,pełna własność,apartamentowiec
"544000,0",Wola,4,55,2018,wtórny,,pełna własność,blok
"540500,0",Wola,4,47,2017,wtórny,do zamieszkania,pełna własność,apartamentowiec
"519000,0",Wola,1,38,2018,wtórny,do zamieszkania,pełna własność,apartamentowiec
"517000,0",Wola,,65,2019,pierwotny,do wykończenia,pełna własność,apartamentowiec
"510000,0",Wola,1,"46,7",1966,wtórny,do zamieszkania,spółdzielcze wł. z KW,blok
"499887,0",Wola,3,"48,07",2018,wtórny,do wykończenia,pełna własność,apartamentowiec
"499000,0",Wola,3,"32,9",2017,wtórny,do zamieszkania,pełna własność,apartamentowiec
"485000,0",Wola,1,44,2019,pierwotny,do wykończenia,,apartamentowiec
"480000,0",Wola,6,"39,13",2014,wtórny,,pełna własność,
"479000,0",Wola,4,40,1956,wtórny,do zamieszkania,,kamienica
"469900,0",Wola,> 10,"39,4",1970,wtórny,do zamieszkania,spółdzielcze wł. z KW,blok
"469000,0",Wola,> 10,"39,4",,wtórny,do zamieszkania,spółdzielcze wł. z KW,blok
"459000,0",Wola,6,52,1975,wtórny,do zamieszkania,pełna własność,blok
"455000,0",Wola,,40,,pierwotny,,,
"455000,0",Wola,5,"46,19",2019,pierwotny,,pełna własność,blok
"451000,0",Wola,7,"37,62",2018,pierwotny,,pełna własność,blok
"443000,0",Wola,parter,37,1968,wtórny,do zamieszkania,pełna własność,blok
"443000,0",Wola,parter,37,1968,wtórny,do zamieszkania,pełna własność,blok
"439000,0",Wola,7,48,1978,wtórny,,,blok
"435000,0",Wola,1,"50,05",1955,wtórny,do remontu,pełna własność,blok
"427000,0",Wola,parter,"48,5",1965,wtórny,do zamieszkania,,blok
"423530,0",Wola,4,"41,23",,pierwotny,,pełna własność,blok
"420000,0",Wola,4,"46,44",1969,wtórny,do remontu,,blok
"415000,0",Wola,8,"48,17",2019,pierwotny,do wykończenia,pełna własność,blok
"412000,0",Wola,5,"30,5",,pierwotny,,pełna własność,apartamentowiec
"409734,0",Wola,,"39,78",,pierwotny,do wykończenia,pełna własność,apartamentowiec
"405000,0",Wola,1,32,1960,wtórny,do zamieszkania,pełna własność,kamienica
"405000,0",Wola,1,32,1960,wtórny,do zamieszkania,pełna własność,kamienica
"403600,0",Wola,1,"43,92",2019,wtórny,,pełna własność,
"400000,0",Wola,8,34,2018,wtórny,,pełna własność,apartamentowiec
"399500,0",Wola,5,39,2020,pierwotny,do wykończenia,pełna własność,apartamentowiec
"399000,0",Wola,2,62,1955,wtórny,,pełna własność,kamienica
"399000,0",Wola,4,"41,82",1936,wtórny,do wykończenia,pełna własność,kamienica
"375000,0",Wola,1,"44,35",1980,wtórny,do remontu,spółdzielcze własnościowe,
"375000,0",Wola,6,"42,29",1962,wtórny,do remontu,pełna własność,blok
"368000,0",Wola,parter,34,1960,wtórny,,,blok
"365000,0",Wola,3,38,,wtórny,do zamieszkania,pełna własność,kamienica
"359999,0",Wola,4,40,1931,wtórny,,pełna własność,kamienica
"350000,0",Wola,3,38,1980,wtórny,,spółdzielcze własnościowe,blok
"349000,0",Wola,9,"21,03",2018,wtórny,do zamieszkania,pełna własność,apartamentowiec
"340605,0",Wola,4,"36,43",2021,pierwotny,do wykończenia,,apartamentowiec
"340000,0",Wola,5,36,1965,wtórny,do remontu,,blok
"340000,0",Wola,2,25,1970,wtórny,do zamieszkania,spółdzielcze własnościowe,blok
"335000,0",Wola,7,"31,84",2019,wtórny,,,
"330000,0",Wola,7,37,1973,wtórny,do zamieszkania,spółdzielcze wł. z KW,blok
"320000,0",Wola,2,"26,26",1964,wtórny,do zamieszkania,spółdzielcze własnościowe,blok
"315215,0",Wola,,"27,41",,pierwotny,do wykończenia,pełna własność,apartamentowiec
"300000,0",Wola,2,31,2019,pierwotny,do wykończenia,udział,blok
"250000,0",Wola,4,21,,pierwotny,,pełna własność,apartamentowiec
"229900,0",Wola,,"17,1",1950,wtórny,do wykończenia,pełna własność,blok
"223000,0",Wola,,"18,7",,pierwotny,,pełna własność,apartamentowiec
"219000,0",Wola,2,"24,5",1970,wtórny,do wykończenia,spółdzielcze własnościowe,blok
"206000,0",Wola,,18,2021,pierwotny,,,
"198500,0",Wola,,18,,pierwotny,,,apartamentowiec
"870000,0",Wrzeciono,1,"92,2",2001,wtórny,,pełna własność,blok
"1158000,0",Wyględów,9,117,2006,wtórny,,,apartamentowiec
"799000,0",Zacisze,4,121,2010,wtórny,do zamieszkania,pełna własność,apartamentowiec
"450000,0",Zacisze,3,"55,6",2002,wtórny,do zamieszkania,pełna własność,blok
"1300000,0",Zawady,parter,136,2008,wtórny,,pełna własność,
"587500,0",Zerzeń,1,99,2018,pierwotny,do wykończenia,pełna własność,apartamentowiec
"578000,0",Żerań,4,93,2019,pierwotny,do wykończenia,pełna własność,blok
"3300000,0",Żoliborz,9,"129,3",2014,wtórny,,pełna własność,apartamentowiec
"3200000,0",Żoliborz,6,150,,wtórny,do zamieszkania,pełna własność,apartamentowiec
"2750000,0",Żoliborz,6,192,2012,wtórny,do zamieszkania,pełna własność,apartamentowiec
"1900000,0",Żoliborz,2,137,2017,wtórny,do zamieszkania,pełna własność,apartamentowiec
"1650000,0",Żoliborz,6,117,2018,wtórny,do wykończenia,pełna własność,apartamentowiec
"1380000,0",Żoliborz,> 10,"87,22",2012,wtórny,do zamieszkania,pełna własność,apartamentowiec
"945000,0",Żoliborz,6,67,2011,wtórny,do zamieszkania,pełna własność,apartamentowiec
"870000,0",Żoliborz,3,"74,5",2002,wtórny,do zamieszkania,pełna własność,blok
"839000,0",Żoliborz,> 10,"63,65",2012,wtórny,do zamieszkania,pełna własność,blok
"745000,0",Żoliborz,2,"74,6",1950,wtórny,do zamieszkania,,kamienica
"689000,0",Żoliborz,parter,58,2001,wtórny,do zamieszkania,pełna własność,blok
"689000,0",Żoliborz,2,58,2019,pierwotny,do wykończenia,pełna własność,apartamentowiec
"630000,0",Żoliborz,3,51,,wtórny,do zamieszkania,pełna własność,kamienica
"566000,0",Żoliborz,parter,68,1955,wtórny,,spółdzielcze wł. z KW,
"565600,0",Żoliborz,,"50,5",2021,pierwotny,,pełna własność,
"545000,0",Żoliborz,2,"60,7",,wtórny,do remontu,spółdzielcze wł. z KW,blok
"528000,0",Żoliborz,3,"50,3",1960,wtórny,,,kamienica
"520000,0",Żoliborz,,47,,wtórny,do zamieszkania,pełna własność,kamienica
"500000,0",Żoliborz,> 10,"47,66",1984,wtórny,do zamieszkania,spółdzielcze wł. z KW,blok
"489000,0",Żoliborz,1,"41,24",2019,pierwotny,do wykończenia,pełna własność,apartamentowiec
"485000,0",Żoliborz,1,44,2019,pierwotny,do wykończenia,,apartamentowiec
"470000,0",Żoliborz,parter,"42,5",2020,pierwotny,do wykończenia,,apartamentowiec
"465000,0",Żoliborz,1,40,2016,wtórny,do zamieszkania,pełna własność,apartamentowiec
"435000,0",Żoliborz,9,"41,5",1972,wtórny,do zamieszkania,spółdzielcze wł. z KW,blok
"420000,0",Żoliborz,4,"41,5",1970,wtórny,do zamieszkania,spółdzielcze wł. z KW,blok
"419000,0",Żoliborz,4,"50,5",1960,wtórny,,,blok
"399000,0",Żoliborz,1,"32,43",2019,pierwotny,do wykończenia,pełna własność,apartamentowiec
"344000,0",Żoliborz,10,"37,5",1970,wtórny,do remontu,spółdzielcze własnościowe,blok
"319000,0",Żoliborz,8,"29,1",1968,wtórny,do zamieszkania,spółdzielcze wł. z KW,blok
